,Albania,Advanced Economies,Argentina,Australia,Austria,Belgium,Bulgaria,Bahrain,Bosnia and Herzegovina,Belarus,Bolivia,Brazil,Botswana,Canada,Switzerland,Chile,China,Cameroon,Colombia,Costa Rica,Cyprus,Czech Republic,Germany,Denmark,EMDE East Asia & Pacific,EMDE Europe & Central Asia,Ecuador,"Egypt, Arab Rep.",Emerging Market and Developing Economies (EMDEs),Spain,Estonia,Finland,France,United Kingdom,Georgia,Ghana,Greece,Guatemala,High Income Countries,"Hong Kong SAR, China",Honduras,Croatia,Hungary,Indonesia,India,Ireland,Iceland,Israel,Italy,Jordan,Japan,Kazakhstan,Kenya,"Korea, Rep.",Kuwait,EMDE Latin America & Caribbean,Low-Income Countries (LIC),Sri Lanka,Lithuania,Luxembourg,Latvia,Morocco,Mexico,Middle-Income Countries (MIC),North Macedonia,Malta,Mongolia,EMDE Middle East & N. Africa,Malaysia,Nigeria,Nicaragua,Netherlands,Norway,New Zealand,Peru,Philippines,Poland,Portugal,Paraguay,West Bank and Gaza,Romania,Russian Federation,EMDE South Asia,Saudi Arabia,Singapore,El Salvador,Serbia,EMDE Sub-Saharan Africa,Slovakia,Slovenia,Sweden,Thailand,Tunisia,Turkey,"Taiwan, China",Ukraine,Uruguay,United States,World (WBG members),South Africa
,,,,,,,,,,,,,,,,,,,,,,,,,,,,,,,,,,,,,,,,,,,,,,,,,,,,,,,,,,,,,,,,,,,,,,,,,,,,,,,,,,,,,,,,,,,,,,,,,,,,
1995Q1,NA,7878783,66817.36,177682.2,74092.84,90307.39,8073.238,NA,NA,NA,2670.593,331248.7,1836.162,271605.7,109388.4,NA,341101,NA,NA,4675.327,3871.288,NA,744227.2,66624.71,541568.5,NA,NA,NA,2157503,247164.1,2647.928,41515.76,517249.6,447152.7,NA,NA,52957.59,NA,8380914,33586.31,NA,NA,24649.48,100851.1,NA,27816.19,1936.411,33089.99,485817.7,3022.088,1243186,NA,NA,138489.6,NA,719703.1,NA,NA,4909.769,8014.064,3189.657,NA,188728.9,1688284,NA,NA,NA,NA,NA,NA,NA,154100.9,78989.39,22535.97,NA,26472.24,NA,46704.7,4547.667,NA,29721.19,229325.2,NA,NA,24170.34,3897.619,6232.155,NA,12395.97,7791.647,83604.28,48959.57,NA,100827.4,53835.48,NA,NA,2519742,10108047,61133.16
1995Q2,NA,7924380,64120.64,178510.8,75018.48,90766.67,9017.278,NA,NA,NA,2664.459,326400.6,1734.688,271721.1,109614.7,NA,350979.6,NA,NA,4649.849,3946.763,NA,750283.1,66356.67,555130.2,513310.5,NA,NA,2161379,248786.6,2621.593,42626.32,520641,448093.1,NA,NA,53525.83,NA,8429302,33518.56,NA,NA,24596.45,102723.6,NA,28180.43,1983.386,33795.85,486158.1,3055.568,1255124,NA,NA,141289.6,NA,697309.7,NA,NA,5035.827,8100.216,3185.739,NA,177339.4,1689943,NA,NA,NA,NA,NA,NA,NA,155309.2,79432.44,22913.06,NA,26495.33,58739.91,47243.11,4672.67,NA,29081.89,230650.3,NA,NA,24897.14,3989.322,6555.9,NA,12663.32,7831.948,84176.79,50141.59,NA,107459.2,55137.65,NA,NA,2527221,10159755,61308.88
1995Q3,NA,7985642,66207.96,182639.9,75421.26,91467.75,9067.164,NA,NA,NA,2718.879,320934.8,1823.865,272080.2,110276.1,NA,360485.3,NA,NA,4649.256,3935.47,NA,751595,66603.61,565850.7,523683,NA,NA,2188202,249893.1,2611.778,42442.04,521453.9,453088.2,NA,NA,53819.25,NA,8498742,33461.91,NA,NA,24587.24,103527.4,NA,28379.3,1968.325,34166.72,488320.5,2986.797,1269766,NA,NA,144222.6,NA,697721.6,NA,NA,5030.445,8184.124,3138.725,NA,181131.3,1707619,NA,NA,NA,NA,NA,NA,NA,156531.4,80639.37,22930.23,NA,26635.49,66212.49,47461.76,4592.261,NA,28746.7,230367,NA,NA,25884.39,3947.306,6219.432,NA,12334.18,7858.032,84395.1,49933.74,NA,110319.5,55827.35,NA,NA,2548768,10246519,61715.67
1995Q4,NA,8024017,66795.75,182607.8,76004.17,91731.53,9862.994,NA,NA,NA,2757.603,322853.8,1941.292,273178.3,110019.3,NA,368169.9,NA,NA,4669.423,3929.685,NA,751899.5,67039.46,576739.7,513381.6,NA,NA,2198821,251774.3,2639.862,42467.84,521248.5,454521,NA,NA,54242.92,NA,8531937,33905.75,NA,NA,24485.19,104961.8,NA,28822.04,1976.69,34390.93,492364.9,2999.822,1272852,NA,NA,146920.4,NA,705725.6,NA,NA,5152.468,8255.524,3152.808,NA,185277.2,1725672,NA,NA,NA,NA,NA,NA,NA,157646.7,81286.11,23170.65,NA,27061.46,67139.49,47790.05,4576.292,NA,27209.2,224545.7,NA,NA,26136.59,3953.159,6009.829,NA,12704.43,7882.323,85276.31,50791.44,NA,106913.2,55703.39,NA,NA,2566042,10295842,61923.26
1996Q1,NA,8073716,66281.66,185458,76036.69,91321.99,9989.366,NA,NA,NA,2763.509,323394,1829.84,273574.7,110483.1,28246.16,377140.9,NA,NA,4667.435,3984.501,37763.23,746593.3,67228.7,588895.1,520429,NA,NA,2229644,253212.6,2665.614,43220.91,524871.3,457564.4,NA,NA,54168.49,NA,8586846,34434.32,NA,NA,24696.45,106688.6,NA,30035.12,2055.345,34813.34,493391,2988.144,1283473,NA,NA,149723.8,NA,711032.1,NA,NA,5192.624,8355.129,3145.079,NA,189615.8,1750841,NA,NA,NA,NA,NA,NA,NA,157828.1,83495.54,23320.92,NA,27882.86,68012.28,48105.65,4644.962,NA,30503.57,224243,NA,NA,27025.74,3958.92,6433.197,NA,13040.14,7964.442,85891.99,50884.8,NA,108686.8,57180.57,NA,NA,2585273,10373595,63070.39
1996Q2,NA,8162409,67382.98,186638.1,76613.34,92013.81,9872.909,NA,NA,NA,2810.288,327512.1,1964.861,275522.3,110143.5,28526.17,384475.4,NA,NA,4667.999,3948.416,37991.68,757006.6,68951.34,602971.7,526488.4,NA,NA,2265070,254982.7,2711.286,43563.66,525883.4,458969.6,NA,NA,54125.55,NA,8676637,34675.3,NA,NA,24500.56,109925.4,150066.5,30468.44,2063.286,35471.52,494215.1,3062.194,1299693,NA,NA,152748.4,NA,719610.2,NA,NA,5159.505,7778.506,3145.608,NA,191626.8,1786958,NA,NA,NA,NA,NA,NA,NA,160099.3,83421.69,23605.7,NA,28179.98,69508.57,48761.74,4657.574,NA,30346.87,222707.8,NA,NA,26991.32,3911.41,6613.848,NA,13090.19,8022.27,85175.73,53464.46,NA,114516.3,58437.17,NA,NA,2628367,10496525,63821.83
1996Q3,NA,8216356,71732.02,188112,77092.42,92507.8,9398.492,NA,NA,NA,2841.738,338862,1955.599,277836.4,110062.5,28810.4,394684.1,NA,NA,4745.066,3950.62,38208.91,759630.4,69074.32,615986.2,524604.3,NA,NA,2299298,257048.1,2796.217,43793.39,527913.8,463203.3,NA,NA,54546.36,NA,8725890,35142.39,NA,NA,24452.77,112082.2,148287.6,30165.96,2027.108,35950.28,495192.2,3104.812,1301261,NA,NA,155435.1,NA,741316.9,NA,NA,5341.659,8382.39,3245.99,NA,194447.6,1827186,NA,NA,NA,NA,NA,NA,NA,162427.5,85214.31,23946.3,NA,28125.05,70134.13,49428.26,4680.572,NA,29412.95,217840.7,153588.4,NA,26984.17,4012.525,6654.595,NA,13512.29,8126.61,85694.77,53587.08,NA,118462.5,59107.5,NA,NA,2651962,10582799,64582.26
1996Q4,NA,8287080,72982.2,189899.5,77089.92,93243.59,9195.795,NA,NA,NA,2863.935,336349.5,1761.012,280037.7,110527.1,29224.09,405584.3,NA,NA,4814.521,3995.244,38211.4,766494.5,69090.8,631475.5,518637.7,NA,NA,2325050,258338.8,2854.717,44660.71,529944.2,469667.2,NA,NA,54878.43,NA,8795851,35946.97,NA,NA,24759.77,115729.9,154680.7,30646.37,2078.275,36525.61,493487.8,3127.38,1315786,NA,NA,158064.5,NA,747521.2,NA,NA,5377.366,8504.064,3402.386,NA,200610.3,1854769,NA,NA,NA,NA,NA,NA,NA,163406.7,84322.58,24013.56,NA,28706.03,68450.91,49534.21,4691.092,NA,28980.04,217644.4,160210,NA,27711.04,4037.644,6797.318,NA,13495.65,8245.027,86501.12,53255.82,NA,115110,59398.27,NA,NA,2679563,10679124,65188.14
1997Q1,NA,8339255,71837.49,191229,78071.86,94135.56,8278.771,NA,NA,NA,2893.382,339746.9,1944.754,283790,111783.9,29886.84,414184.4,NA,NA,4816.029,4010.67,37990.19,762863.3,70033.55,637558,528405,NA,NA,2348480,260920.2,2957.722,45179.13,532207.2,477173.7,NA,NA,55256.3,NA,8858435,36487.51,NA,NA,24978.48,114462.8,155431.2,32218.47,2161.702,36961.27,494911.8,3158.373,1318989,NA,NA,158804.3,NA,751796.2,NA,NA,5485.726,8535.81,3378.032,NA,201320.5,1866802,NA,NA,NA,NA,NA,NA,NA,164755.7,87370.5,23913.39,NA,29362.08,72078.81,50354.91,4733.165,NA,29413.06,223089.7,160987.4,NA,28557.32,4088.073,6832.843,NA,13827.58,8321.349,87040.94,51077.66,NA,115135.6,60529.38,NA,7731.154,2696837,10754075,65490.74
1997Q2,NA,8433606,72702.57,196957.7,77867.96,95560.86,8190.536,NA,NA,NA,2961.744,341629,1968.876,286983.6,112014.8,30508.78,423259,NA,NA,4955.269,4020.999,37922.36,771449.3,71139.34,650711.2,534141.3,NA,NA,2380351,263279.5,3080.746,45900.26,537792.3,482562.7,NA,NA,56087.9,NA,8952923,37166.05,NA,NA,25237.55,116045.2,154902.1,33390.73,2175.661,36993.05,502744.7,3170.735,1309387,NA,NA,164442.7,NA,762169.6,NA,NA,5616.132,8649.813,3564.818,NA,206053.9,1899834,NA,NA,NA,NA,NA,NA,NA,166828,88725.31,24456.48,NA,29797.27,73087.93,50813.56,4880.154,NA,28117.25,220683.8,160439.4,NA,29498.74,4110.111,6987.029,NA,14045.39,8483.103,88245.78,52551.3,NA,122711.8,61697.81,NA,8456.064,2741711,10880413,65901.62
1997Q3,NA,8504424,77789.52,197232.2,78492.15,96429.69,8369.547,NA,NA,NA,2971.171,345310.3,2026.563,290385.8,113251.1,31198.26,429670.7,NA,NA,5007.865,4107.355,37722.53,774178.6,70828.11,658092.2,548346.7,NA,NA,2420905,266194,3164.706,46986.25,543139.9,486697.9,NA,NA,56913.77,NA,9029004,37359.07,NA,NA,25456.93,117756.9,155184.6,33901.51,2149.797,37042.42,505096.9,3189.97,1311853,NA,NA,165744.7,NA,777778.5,NA,NA,5808.532,8752.604,3601.349,NA,210367.3,1935163,NA,NA,NA,NA,NA,NA,NA,169316.7,88663.4,24961.65,NA,29339.11,72941.75,51488.49,5079.595,NA,28291.51,223932.1,160731.9,NA,29964.68,4091.995,7493.283,NA,14499.88,8551.559,88872.37,51937.49,NA,131429.7,62626.71,NA,8291.013,2775990,10989882,65967.15
1997Q4,NA,8571885,78619.65,200041.3,79257.68,96963.02,8085.574,NA,NA,NA,3008.245,348851.5,2108.73,293192.1,114026,31862.41,440169.7,NA,NA,5160.81,4159.142,37598.43,779929.9,71036.64,667554.3,540871.8,NA,NA,2442686,269918.4,3266.448,48383.05,548507.2,494047,NA,NA,57380.39,NA,9101479,36336.19,NA,NA,25666.52,117448.3,160233.4,34566.14,2211.519,37701.57,512575.9,3225.136,1312340,NA,NA,164988.9,NA,790125.2,NA,NA,5920.204,8859.762,3596.266,NA,216300.9,1952086,NA,NA,NA,NA,NA,NA,NA,171248.3,89475.18,24546.64,NA,30241.19,75129.99,51791.06,4774.987,NA,27639.37,225739.4,165961.2,NA,29719.69,4124.746,7520.359,NA,13641.39,8596.276,90399.83,49884.56,NA,121346.2,63437.42,NA,8358.778,2799674,11079329,65976.24
1998Q1,NA,8604361,76232.46,201296.5,80288.4,97200.18,8995.387,NA,NA,NA,3085.849,341955.3,1922.653,297331.9,115204.4,32118.5,443278.2,NA,NA,5286.165,4230.623,37562.26,787613.9,72121.99,659625.7,539944.3,NA,NA,2429928,272204.5,3290.256,47994.84,553765.7,497680.1,NA,NA,58116.09,NA,9130209,35468.1,NA,NA,25872,108832.8,163026.1,35428.59,2158.077,38406.7,509986.2,3271.38,1296209,NA,NA,153739.9,NA,784291.1,NA,NA,6018.837,8936.118,3766.746,15667.96,219610.5,1944287,NA,NA,NA,NA,NA,NA,NA,173645.1,90880.84,24546.64,NA,29959.32,76256.94,52576.33,4986.485,NA,26555.07,220090.3,168853.7,NA,28954.07,4155.618,7621.397,NA,14425.62,8649.135,90843.81,48098.94,NA,124894.2,63498.51,NA,8454.703,2827721,11101925,66149.57
1998Q2,NA,8643475,77508.4,203359.1,81057.69,97513.7,8408.701,NA,NA,NA,3104.102,347527.9,2016.136,297489.3,116452.7,32663.05,452722.1,NA,NA,5287.958,4292.326,37676.25,783971,71547,658328.2,536532.9,NA,NA,2437580,275192.2,3272.376,48948.15,557731.2,500721.1,NA,NA,58270.67,NA,9168277,34877.67,NA,NA,26274.95,100607.5,164618.7,36306.74,2370.941,38187.31,513049.8,3254.432,1290754,NA,NA,152497.9,NA,794461.6,NA,NA,6149.76,9258.772,3800.418,15725.3,221203.3,1953705,NA,NA,NA,NA,NA,NA,NA,174895.2,91547.7,24449.33,NA,29461.3,76104.42,53329,4900.065,NA,27018.96,217816,170503.3,NA,28738.55,4231.12,7664.236,NA,14479.13,8695.094,91851.83,46138.69,NA,123900.3,64186.23,NA,8483.754,2853898,11149386,66243.17
1998Q3,NA,8709143,80366.83,207138.6,81209.04,97836.47,8467.326,NA,NA,NA,3128.781,347220.1,1944.354,300200.1,116442.6,32443.54,463857.1,NA,NA,5327.421,4378.544,37706.52,787613.9,72737.52,668542.7,521917.5,NA,NA,2439658,277810.1,3271.501,49612.77,560615.3,502384.5,NA,NA,58363.71,NA,9223293,34320.92,NA,NA,26517.56,98734.77,166492.9,37591,2364.323,38610.2,513442.8,3227.201,1292986,NA,NA,155162.2,NA,798577.1,NA,NA,6208.339,9430.13,3918.695,15723.62,222290.3,1969053,NA,NA,NA,NA,NA,NA,NA,176423.3,90480.15,24578.84,NA,29336.66,76789.38,53958.55,4856.067,NA,28506.66,203935.8,172444.5,NA,28501.6,4218.882,7542.865,NA,14307.02,8766.034,92723.46,46759.56,NA,122156.8,65426.46,NA,8709.29,2889868,11219529,66098.02
1998Q4,NA,8791642,78321.37,210357.6,81939.55,98053.97,8343.152,NA,NA,NA,3109.634,343734.2,2037.181,304267.7,116222.1,31393.84,480722.1,NA,NA,5458.34,4392.592,37703.73,787403.1,73215.74,686371.7,524943.7,NA,NA,2459804,280723.3,3209.017,50062.4,564458.3,505723.4,NA,NA,58607.03,NA,9308884,34014.12,NA,NA,26522.46,96847.69,169295.9,36806,2445.801,38776.61,511835.1,3400.623,1303383,NA,NA,159035.1,NA,791630.4,NA,NA,6205.337,9489.374,3603.361,16105.77,222700.9,1986809,NA,NA,NA,NA,NA,NA,NA,177824.7,90779.14,25201.36,NA,29474.95,77403.69,54413.88,4763.872,NA,29077.48,205851,175347.7,NA,29010,4238.354,7625.204,NA,14940.46,8845.807,93853.64,48676.07,NA,121841.2,65620.28,NA,8677.06,2936346,11323183,66161.65
1999Q1,NA,8850174,74556.29,211937.3,82656.3,99058.16,8143.767,NA,NA,NA,3112.541,344296.4,2210.15,309761.3,116351.9,31399.47,481140.2,4452.353,NA,5439.484,4446.169,37712.63,796750.4,73819.4,692356.2,533172,NA,NA,2477350,283490.2,3185.793,50876.89,568342.2,509087.5,NA,NA,59076.51,NA,9377928,34370.91,NA,NA,26529.5,101638.1,172715.6,38972.6,2438.707,38809.61,514302.4,3266.008,1285304,13603.43,NA,163861.2,NA,789866.5,NA,NA,6108.775,9759.511,3812.383,15308.96,224627.7,1993084,NA,NA,NA,NA,NA,NA,NA,181193.7,91916.62,25444.64,NA,30105.22,77481.1,55094.38,4658.69,NA,28286.46,216523,178889.6,NA,29523.48,4298.867,7386.332,NA,14732.34,8955.667,94656.06,48554.6,NA,119785.6,67457.7,NA,8442.945,2963947,11399605,66797.51
1999Q2,NA,8912760,73401.72,212812.8,83484.37,100396.7,7929.908,NA,NA,NA,3072.275,345714,2070.521,312316.1,117117,31485.3,488405.8,4501.769,NA,5546.91,4473.439,37886.85,795743.1,74148.43,700674.7,540137.3,NA,NA,2503179,286735.2,3214.362,51139.79,572028.1,511543.6,NA,NA,59493.02,NA,9450579,35128.69,NA,NA,26817.52,101886.7,177193.5,39338.93,2374.233,40073.94,516303.2,3398.97,1290386,13234.5,NA,171043.5,NA,792291.1,NA,NA,6142.515,9958.602,3759.439,15808.42,226304.3,2008205,NA,NA,NA,NA,NA,NA,NA,183033.4,91943.62,25632.83,NA,30346.51,79263.16,55383.91,4693.378,NA,27885.55,223987.7,183527.6,NA,30269.65,4286.148,6012.439,NA,14618.39,9350.805,95100.05,48746.04,NA,119110.9,68634.4,NA,8479.654,2988699,11487631,67329.17
1999Q3,NA,9022450,76371.49,215092.8,84735.25,101892.6,7856.416,NA,NA,NA,3122.288,346068,2132.302,317211.5,117797.3,32149.46,499582.9,4394.58,NA,5599.259,4577.425,38231.03,806449.2,74462.63,714168.2,543721.7,NA,NA,2532272,290643.9,3245.555,51403.92,580454,519878.8,NA,NA,59888.07,NA,9566733,35830.97,NA,NA,27327.66,101745.1,178517.9,40818.92,2396.766,40220.85,521673.7,3453.013,1297208,13462.71,NA,175800.6,NA,799389,NA,NA,6033.947,10232.4,3897.729,16157.71,228423,2031401,NA,NA,NA,NA,NA,NA,NA,185516.3,93161.43,26013.5,NA,30521.23,81006.95,55919.23,4898.04,NA,27467.14,226522.4,184899.4,NA,30848.33,4289.376,6842.169,NA,14483.26,9148.198,96376.11,50426.86,NA,117102.3,69373.45,NA,8360.753,3028321,11627482,68064.32
1999Q4,NA,9133899,77656.89,218784.5,85484.52,103094.6,7428.053,NA,NA,NA,3170.387,350820.3,2156.032,321655.5,120617.9,32996.53,514402.6,4637.119,NA,5686.682,4661.715,38692.94,810291.2,75785.68,731475.2,554795.5,NA,NA,2578848,293852.3,3330.972,51828.97,588674.5,527364.8,NA,NA,60868.53,NA,9686450,36826.54,NA,NA,27635.12,102766.9,180987.3,41756.73,2506.259,41013.41,529397.6,3449.659,1297676,14366.84,NA,180874.6,NA,810061.8,NA,NA,6029.807,10197.94,4004.57,16282.33,230743.7,2069872,NA,NA,NA,NA,NA,NA,NA,187743.3,94201.89,26271.81,NA,30903.08,82708.09,56251.19,4959.444,NA,27100.32,231030.3,187457,NA,31106.1,4330.846,7057.148,NA,14040.94,9277.519,97672.25,50737.53,NA,120599.8,70683.69,NA,8386.592,3078003,11784752,68813.06
2000Q1,NA,9228819,74618.16,219621.4,85492.02,103802.6,8063.072,NA,3117.639,NA,3195.381,354641.7,2119.837,326691.7,121402.4,33307.5,520741.9,4561.904,46525.47,5739.267,4714.052,39212.04,823094,76308.74,742369,570489.6,10717.67,NA,2621364,298499,3458.272,53381.79,594462.6,533906.8,NA,NA,61017.38,NA,9795704,37916.79,2554.661,11740.56,27874,105544.1,186232.7,42240.29,2501.186,41517.7,535899.5,3450.144,1320027,14481.75,NA,184302.3,NA,816561,NA,NA,6155.555,10736.32,4052.431,15983.18,235544.5,2097172,1837.74,1773.8,NA,NA,NA,NA,NA,189551.6,96257.82,26928.68,NA,31156.67,82294.56,57535.28,4650.238,1833.741,27900.6,242137.5,192889.9,NA,32127.91,4317.06,7324.951,NA,14375.4,9408.081,97996.89,51774.76,7731.972,122500.3,71576.37,NA,8504.21,3089133,11921238,69617.35
2000Q2,NA,9338000,72770.36,221773.9,86541.5,104532.6,8136.394,NA,3137.347,NA,3209.456,359375.6,2219.549,330536.7,121938.7,33382.08,532466.6,4662.19,46539.72,5749.343,4823.684,39579.72,829454.4,77164.12,754901.6,583818.9,10993.4,NA,2656972,302261.4,3543.689,53793.34,600804.9,537852.2,NA,NA,61874.75,NA,9913438,37971.99,2552.678,11705.42,28140.64,105864.7,186384.4,43468.03,2520.472,43037.79,539430.8,3513.284,1325964,14964.31,NA,187141.9,NA,822838.4,NA,NA,6240.629,10598.25,4039.089,15768.6,238493.2,2124477,1829.427,1856.472,NA,NA,NA,NA,NA,191517,95355.69,26689.68,NA,31180.46,83282.1,57153.79,4774.899,1899.309,29459.33,246359,193047,NA,32747.67,4273.42,7514.005,NA,14695.14,9505.934,100726.9,51678.61,7813.42,127268.8,73753.28,NA,8231.217,3145404,12066474,70257.8
2000Q3,NA,9381467,76016.51,222335,87580.98,105056.7,8203.301,NA,3161.105,NA,3167.248,364312.2,2316.651,333924.9,123176.2,33901.3,543763.1,4655.105,46801.01,5800.056,4840.625,40059.3,829958.1,77294.51,768506.7,588202.4,11410.8,NA,2694341,305358.8,3587.515,54627.49,605502.9,541290.8,NA,NA,62879.54,NA,9960198,38441.88,2599.247,11808.61,28392.82,107075.6,188810.8,44268.73,2600.293,44402.55,544309.1,3569.963,1326289,15160.81,NA,192280.6,NA,835240.4,NA,NA,6310.386,10771.49,4155.883,16478.56,241079,2158242,1879.303,1803.718,NA,NA,NA,NA,NA,193121.8,95953.2,26804.17,NA,31641.8,83615.22,58064.09,4557.589,1813.359,27829.05,249472.8,195560.2,NA,33830.49,4396.743,7343.234,NA,14610.92,9607.375,101768.2,51707.4,7990.422,129164.1,74182.28,NA,8215.818,3148610,12145503,70953.69
2000Q4,NA,9434158,76273.29,221503.8,88242.69,106082.8,8277.276,NA,3184.906,NA,3216.677,368448.9,2255.713,334585.3,124773.4,34299.51,555554.1,4746.125,46741.41,5846.556,4863.626,40208.01,826420.6,78554.1,784059,594527,11524.92,NA,2720377,308605.1,3667.004,55254.02,608906.7,544604.4,NA,NA,63701.12,NA,10018532,38720.5,2606.325,11957.1,28932.46,109648.9,188205.7,44511.56,2578.367,44499.85,549582.9,3612.136,1339204,15401.31,NA,191641.8,NA,837717.7,NA,NA,6425.785,10821.65,4134.706,16339.43,238403.9,2178455,1651.871,1885.118,NA,NA,NA,NA,NA,195145.3,95977.62,26995.94,NA,31699.52,86207.28,58392.37,4798.289,1586.968,28276.04,250398.6,194933.5,NA,34041.06,4409.195,6830.246,NA,14618.21,9669.62,101822.3,52143.25,8157.511,131020.9,74074.11,NA,8068.078,3167485,12223687,71557.48
2001Q1,NA,9475199,73240.85,223576.7,88042.55,106124.5,8343.077,NA,3192.815,NA,3216.021,369274.7,2287.691,336468.7,124516,34537.31,567093.6,4862.943,47080.44,5931.433,4884.01,40731.29,844225.1,77329.13,797205.5,593948.1,11466.27,NA,2736630,311739,3717.244,55520.6,612420.6,549688.4,NA,NA,64727.38,7249.084,10064965,38592.14,2625.141,11981.19,29127.91,109736.3,189334.6,45245.27,2579.195,44073.34,553907.7,3652.805,1349029,16155.48,NA,193569.6,NA,837697.1,NA,NA,6595.105,11007.88,4229.369,16955.83,239881.2,2189155,1940.612,1815.446,NA,NA,NA,NA,NA,196096.6,97427.36,26761.24,NA,31889.44,84914.17,58183.08,4720.222,1563.284,29474.73,254603.3,196102.6,NA,33797.3,4441.342,7578.592,NA,14649.05,9728.552,101946.8,52885.91,8212.555,124304.8,73204.55,22040.87,8202.328,3157068,12280903,71997.13
2001Q2,NA,9494271,72262.11,225582.3,87842.41,106131.4,8424.154,NA,3213.515,NA,3223.754,367941.9,2343.209,337526.8,125031.4,34872.2,577657.2,4873.298,47197.48,5943.868,4931.664,40775.09,841800.4,77832.08,810789.6,592501.4,11636.29,NA,2750964,314172.8,3721.325,55566.06,612732.4,552018.4,NA,NA,64565.64,7236.605,10087833,38536.36,2643.92,12141.55,29362.27,111216.8,193426.9,46177.85,2660.653,43702.47,553536.6,3706.202,1338988,16983.06,NA,196488.5,NA,833766.9,NA,NA,6587.446,10877.94,4411.496,17341.94,238115.7,2199395,1758.685,1799.962,NA,NA,NA,NA,NA,196773.4,97315.64,27629.19,NA,32179.49,84574.51,58797.09,4642.997,1696.826,29175.31,258334.2,200341.3,NA,32928.63,4403.848,7625.156,NA,14960.07,9808.463,101445,53529.18,8223.756,118284.4,71728.72,22524.21,7936.647,3176745,12313770,72356.97
2001Q3,NA,9481717,72404.71,228200.9,88043.8,105969.5,8535.075,NA,3238.239,NA,3255.317,366351.1,2327.349,337289.6,125103.2,34790.59,587475.5,4880.929,47584.45,6018.703,5091.292,40942.64,841706.7,78351.18,821416.1,603278,11677.79,41196.41,2774879,317197,3797.705,55939.52,615909.7,554896.1,NA,NA,65725.01,7244.652,10082499,38506.64,2632.249,12224.08,29622.37,110881.3,195661.8,45972.7,2602.543,43224.43,551404.9,3724.867,1324449,17406.08,NA,198991,NA,832073.2,NA,NA,6734.515,11041.75,4312.809,17356.82,237608.2,2214847,1638.229,1824.574,NA,NA,NA,NA,NA,197150.2,98088.59,27581.25,NA,32694.8,85251.12,58915.13,4645.68,1653.866,29993.47,263925.2,202656.1,NA,32206.78,4346.516,7719.782,NA,14861.06,9861.737,102299.8,53683.08,8195.636,119764.7,71286.12,23719.14,7855.959,3164013,12322925,72549.17
2001Q4,NA,9498659,68507.54,230895.9,88399.05,105861.9,8648.292,NA,3261.409,NA,3313.834,364577.7,2170.547,339312.5,124564.2,35007.28,600417.6,4821.339,47876.4,6047.161,5095.424,41231.55,839176.6,78747.79,836580.3,600015.3,11744.41,41562.61,2786091,319225.8,3854.552,55763.84,613248.3,556563.1,NA,NA,66181.6,7383.227,10098560,38274.44,2692.489,12318.51,29843.06,111738.7,200371.1,46800.61,2767.31,43060.67,550607.7,3775.148,1319883,17542.56,NA,202015.6,NA,824918.6,NA,NA,6882.721,11315.07,4457.769,17791.38,235589.4,2226969,1630.369,1823.924,NA,NA,NA,NA,NA,197304.9,98640.97,27954.05,NA,32734.54,85506.86,59742.71,4632.583,1545.373,30742.34,261364.9,207533.7,NA,32414.53,4354.699,7968.552,NA,15542.16,9915.425,102825.1,54330.8,8264.538,117749.2,73250.99,23360.66,7755.116,3172739,12350792,73107.41
2002Q1,NA,9550207,61268.38,232719.3,89374.73,106749.2,8784.423,NA,3320.163,NA,3275.669,373883.2,2352.198,344273.8,124675.6,35301.36,613947.1,4953.418,47453.15,6078.724,5092.531,41197.35,835615.7,78192.1,854082.6,610545.5,11995.87,42137.32,2819530,320737.3,3884.871,56147.13,616794.4,558117.2,NA,NA,66781.33,7398.173,10156334,38301.75,2668.354,12557.13,30530.39,113717.6,201649.5,47495.6,2583.994,43431.3,551295.9,3848.133,1322057,17917.16,NA,207642.9,NA,825592.9,NA,NA,6920.084,11360.39,4474.394,17634.37,234113.7,2253791,1744.816,1862.264,NA,NA,NA,NA,NA,196953.7,98528.3,28272.46,NA,33017.21,85592.39,59879.71,4785.173,1464.982,31152.74,265406.6,208857.8,NA,33382.27,4394.051,7982.093,NA,15269.97,10035.64,103692.5,55260.44,8262.989,122196.9,74585.37,23303.19,7519.513,3199271,12434950,73901.3
2002Q2,NA,9615268,62087.87,236719.5,89471.04,107647,8920.818,NA,3375.809,NA,3334.651,375177.3,2420.844,346308,124991.5,35588.41,627790.7,5004.287,49087.4,6187.27,5191.008,41404.42,838544.1,78328.43,872403.5,622488.7,12219.99,42442.48,2863127,323429.7,4021.985,56659.42,619924.7,560803.9,NA,NA,68377.26,7514.072,10228368,38887.94,2751.425,12738.72,30690.35,115518.2,203530.6,48081.73,2683.473,43441.41,552820.3,3925.628,1332752,18195.08,NA,211595.5,NA,832982.3,NA,NA,7100.375,11566.21,4661.391,17818.01,236586.3,2289938,1782.394,1870.408,NA,NA,NA,NA,NA,197282.8,99846.19,28512.17,NA,33275.52,86362.7,59546.81,4693.412,1296.927,31826.72,269270,210806.1,NA,34351.11,4473.418,8161.916,NA,15419.02,10067.24,104730.4,56860.69,8308.115,127471.1,76631.37,23570.37,7595.359,3218860,12542473,74839.05
2002Q3,NA,9658118,65524.97,237296.7,89518.58,108263.6,9053.72,NA,3409.163,NA,3375.625,379878,2386.375,349302.5,124911.7,35975.36,643965.1,5179.242,48909.46,6236.949,5165.665,41642.25,844307.1,78669.49,891869.7,634082.3,12317.83,42554.37,2909884,325236.4,4103.904,56539.02,622276.8,564817.8,NA,NA,68879.65,7640.489,10279071,39499.02,2808.388,13001.87,30966.44,116974.3,204370.6,49076.07,2670.739,43471.04,553784,4001.243,1337062,19042.41,NA,215525.5,NA,843730.2,NA,NA,7211.633,11398.51,4712.112,18016.4,238832.2,2327907,1770.029,1866.903,NA,NA,NA,NA,NA,197440.9,98885.3,29060.99,NA,33614.21,87399.06,59232.27,4587.728,1313.663,31446.84,275409.5,211676.2,NA,34379.01,4478.543,8351.941,NA,15923.08,10159.3,104590.9,57488.42,8332.709,129212.9,76287.6,24919.38,7147.847,3231948,12630164,75686.09
2002Q4,NA,9685678,66550.2,239297.8,89169.58,108666.2,9145.374,NA,3444.097,NA,3352.416,383605.4,2638.602,351221,124359,36498.81,658870.9,5125.466,49039.89,6262.026,5297.748,41813.07,842081.6,78495.75,908884.2,640136.1,12283.85,42925.65,2943474,327781.2,4134.514,57203.64,622937.5,569167.9,NA,NA,69462.2,7686.005,10310272,39770.69,2763.328,13172.35,31340.6,117181.2,205151.9,49803.5,2730.865,43464.53,556986,4059.177,1340760,19587.89,NA,217560.9,NA,849697.3,NA,NA,7318.028,11349.18,4882.062,18280.05,239364.4,2357246,1757.045,1863.752,NA,NA,NA,NA,NA,197647.9,99605.59,29689.95,NA,34249.03,87486.45,58795.79,4577.02,1569.701,31768.11,277319.3,212485.4,NA,34327.96,4467.584,8405.908,NA,16044.84,10301.32,104719.5,57995.5,8427.775,131971.1,77839.66,24684.12,7045.589,3235955,12689853,76315.75
2003Q1,NA,9705720,64444.97,239832.7,89464.79,108357.3,9275.225,NA,3468.595,NA,3385.852,382374,2446.828,353175.1,123862.9,37016.62,678075.1,5158.349,49440.25,6342.014,5269.238,42299.19,830766.3,78726.69,933097.5,651042.6,12496.98,43383.38,2982667,330916.5,4227.414,56787.18,624787.3,573321.1,1954.576,NA,70779.02,7701.595,10340673,39737.98,2814.48,13356.91,31544.78,119454.9,208141.9,49526.13,2757.746,44071.66,554657,4007.857,1341526,19896.88,NA,216391.8,NA,847611.5,NA,NA,7673.952,11339.85,4916.051,18436.58,239225.6,2384850,1737.881,1903.024,NA,NA,NA,NA,NA,198101.5,99928.43,29787.26,NA,34446.24,87836.42,58893.8,4721.985,1629.638,31763.15,286099.7,215582.3,NA,34764.7,4507.057,8434.082,NA,16200.88,10308.49,105923.9,59452.46,8425.507,132081,78418.91,25453.5,7003.62,3252961,12747070,76800.16
2003Q2,NA,9746143,66399.13,240807.5,90092.73,108572.5,9366.392,NA,3483.236,NA,3436.16,379173.8,2702.704,352662.9,123501,37409.2,683700.5,5201.043,50275.08,6418.383,5249.68,42679.66,831773.7,78122.86,941971.3,659980.9,12376.54,43815.69,3011267,332207.2,4325.852,57605.36,622210,578359.4,2028.126,NA,72058.62,7727.247,10389378,38771.55,2855.005,13554.58,31882.37,121094.8,213792.3,49962.59,2675.518,43836.37,553679.9,4080.349,1350674,20363.84,NA,216534.9,NA,848503.9,NA,NA,7785.521,11628.52,5019.186,19357.41,239602.2,2404618,1758.817,1934.982,NA,NA,NA,NA,NA,197110.7,99621.81,29926.79,NA,34696.42,89680.97,58398.53,4797.649,1596.484,32563.13,289868.1,221434.7,NA,34297.18,4499.074,8617.851,NA,16348.94,10409.24,105867.5,60414.6,8674.937,132525.6,76066.15,26187.84,7370.434,3281809,12815297,77175.28
2003Q3,NA,9851394,72479.07,244886,90864.51,109057.2,9476.893,NA,3529.177,NA,3403.594,382359.3,2572.004,353981.4,124792.3,37655.44,709135,5330.761,50875.83,6500.65,5350.498,43139.47,839352.3,78354.97,972000.5,669043.3,12550.78,44359.89,3071688,334677.5,4369.29,58294.54,628709.5,583669.2,2078.717,NA,72571.04,7770.269,10500888,41149.69,2871.491,13651.49,32258.71,122336,219424.4,50339.39,2687.893,44144.14,552324.4,4141.505,1354807,20727.51,NA,219997.5,NA,859633,NA,NA,7979.163,11740.28,5160.864,19219.11,239693.8,2458528,1836.127,1941.512,NA,NA,NA,NA,NA,197139.7,100522.2,30296.01,NA,35612.17,90667.47,58893.56,4943.469,1657.193,32645.64,292658.1,227268.1,NA,36246.33,4542.434,8651.864,NA,16399.64,10517.58,106711.2,61511.35,8839.121,136303.8,80286.06,26394.5,7479.652,3336388,12979803,77594.05
2003Q4,NA,9950936,74896.84,249034.9,91070.91,109815,9669.191,NA,3597.123,NA,3474.088,386317.1,2606.696,356414.7,126234.7,37859.47,728482.7,5497.177,51519.33,6570.492,5421.841,43417.96,840371.4,79865.12,994252.4,680502.2,12801.38,44721,3130650,337480.9,4482.985,58418.62,630971.2,588576.6,2154.025,NA,73947.97,7817.195,10607909,41582.04,2950.298,13776.78,32579.47,122558.5,229400.6,53037.7,2776.516,44462.04,557514.9,4240.6,1369587,20656.6,NA,225607.1,NA,870067.1,NA,NA,8118.262,12170.44,5230.962,19267.81,241883.8,2509642,1873.289,1958.505,NA,NA,NA,NA,NA,198371.3,100543,30771.13,NA,36295.43,90939.47,59059.13,4962.706,1563.111,32176.88,297961.3,237601,NA,37284.97,4544.839,8714.207,NA,16794.06,10595.01,107578.8,62516.09,8959.43,140423.8,83472.25,27739.8,7640.665,3375119,13137086,78041.7
2004Q1,NA,10018728,71429.21,250937.8,91268.54,111438.1,9787.283,NA,3634.904,NA,3529.459,392068.5,2505.864,359006.4,126983.2,38657.3,746230.9,5567.304,52495.82,6640.866,5500.898,43933.08,839328.9,80207.83,1016328,701677.5,13066.46,45107.53,3184207,339435.3,4587.059,59166.78,637710.7,590924.6,2128.998,NA,75448,7896.008,10692525,42769.95,3006.342,14009.16,33119.09,124464.6,226138.2,52658.8,2883.408,45106.73,559842.6,4302.456,1379987,21773.47,NA,228817.6,NA,878163.1,NA,NA,8179.843,12109.55,5402.712,19539.97,245124.6,2545158,1763.979,1951.216,NA,NA,NA,NA,NA,200214.5,104296.3,31543.2,NA,36924.94,93758.58,59643.16,4928.649,1903.467,34069.06,307339.4,234221.9,NA,38387.71,4503.491,8871.531,NA,17051.95,10748.35,109120.1,63322.25,9128.921,144290.9,83864.76,28749.4,7737.781,3394262,13256743,79223.1
2004Q2,NA,10080090,70525.13,252813.2,92219.21,112493.2,9979.847,NA,3700.305,NA,3565.732,402618.4,2460.805,363260.1,128048.6,39400.25,760699.3,5634.524,52485.89,6729.285,5548.139,44482.72,844072.8,80799.3,1034770,713854.5,13313.4,45544.93,3241325,343050,4555.283,59643.43,640531.8,594299.5,2161.706,NA,75568.23,7923.238,10762732,43541.81,3058.451,14034.65,33476.13,126402.2,232129.2,54226.71,2850.881,45697.23,561277.7,4385.832,1379650,22174.77,NA,230725.7,NA,892786.8,NA,NA,8348.645,12117.57,5461.268,20226.55,248363.9,2592462,1828.038,1887.046,NA,NA,NA,NA,NA,201129.8,104435,31555.36,NA,37160.18,94508.65,60013.16,5115.062,1871.195,34945.57,312403.7,240427,NA,38984.39,4539.817,9007.362,NA,16909.22,10825.63,109981.2,64299.69,9184.725,147650.7,84524.09,29411.67,7618.689,3420528,13373136,80330.28
2004Q3,NA,10141443,74088.72,254478.2,93284.95,113517.1,10188.71,NA,3777.539,NA,3603.307,407628.8,2725.991,367555,127914.8,40431.66,780268.5,5671.95,53107.37,6758.003,5618.381,45116.93,841355.3,80959.2,1058370,721024.3,13529.12,46094.21,3295216,345926.6,4658.094,60312.96,642963,596483,2160.103,NA,76624.55,8036.747,10830134,44036.99,3035.167,14158.98,33874.18,127937.3,238629.9,53825.84,2985.514,46339.52,561675.6,4529.745,1388263,22479.14,NA,231316,NA,903662.9,NA,NA,8411.468,12398.8,5536.977,20140.55,248179.6,2639566,1940.659,1938.042,NA,NA,NA,NA,NA,201401.9,103656.1,31581.84,NA,37876.21,94130.62,60043.85,5068.774,2010.058,36474.99,314613.9,247160.2,NA,39268.13,4602.805,9173.003,NA,17568.71,10934.8,110855.4,65025.15,9353.392,149315.8,85450.26,30163.02,7727.943,3453026,13486499,81643.74
2004Q4,NA,10203705,75113.63,256418.3,93631.44,113917.3,10329.36,NA,3856.228,NA,3572.295,410946.9,2775.924,370207.7,128224.3,41088.77,796145.2,5750.434,54799.92,6846.995,5693.994,45892.09,840945.3,81850.52,1080215,728096,13748.34,46694.36,3341383,348396.9,4755.658,61240.47,648690.4,599339.1,2257.325,NA,76731.9,8135.204,10897290,44920.52,3107.485,14409.14,33992.86,130955.3,241241.1,55245.11,3028.147,46863.07,563119.3,4613.264,1385674,23030.85,NA,233212,NA,913975.9,NA,NA,8610.698,12272.29,5695.068,20036.31,250833.1,2680369,2013.589,1998.14,NA,NA,NA,NA,NA,201874,104311.1,31661.26,NA,38325.49,95166.05,59752.79,5104.22,2067.92,37126.98,315805.8,249864.7,NA,40173.76,4608.202,9635.762,NA,17761.61,11010.85,111452.1,66550.34,9408.187,151739.3,86528.3,30284.46,7887.914,3488196,13593568,82515.66
2005Q1,NA,10273947,77269.39,258535.4,93919.14,114491.2,10547.2,NA,3783.669,NA,3684.425,414442.1,2652.325,371504.2,129326.7,41135.21,825960.3,5675.22,54550.72,6880.787,5788.614,46701.1,842515,81506.32,1112445,746110.7,13944.6,47248.73,3409120,351494.3,4839.326,61842.44,650360.8,603761.3,2306.033,NA,76077.78,8147.259,10979302,45404.7,3145.795,14232.82,34323.96,132164.2,246859.5,56076.17,2937.457,47398.19,562098.1,4696.588,1392675,23842.41,NA,235395.1,NA,920660.1,NA,NA,8829.593,12166.79,5832.087,19996.49,251409.2,2735081,1939.126,1932.466,NA,NA,48726.64,NA,NA,202379.9,106378.4,31722.09,NA,38885.86,96117.72,60299.84,5022.6,2070.08,36593.82,325274.4,255683.9,NA,40471.04,4609.059,9289.023,NA,17931.51,11108.57,111945.3,65756.61,9376.408,158734.3,87141.42,30183.42,8029.983,3526927,13729007,83354.51
2005Q2,NA,10346215,79083.67,259707.2,94475.78,115158.7,10694.2,NA,3852.022,NA,3717.334,418949.2,2719.539,374189.2,130702.9,41817.65,841438.6,5773.689,55547.94,6944.828,5818.914,47365.11,847153.5,83242.31,1131689,754665.2,14134.46,47726.81,3459444,354629.6,5030.664,61078.31,652060.8,608810.4,2381.753,NA,76538.67,8311.469,11060426,46823.36,3232.125,14769.07,35016.11,133903.6,253936.1,57372.99,3150.621,47836.73,566945.7,4824.942,1403410,24078.17,NA,239808.7,NA,929938.2,NA,NA,8915.185,12270.64,6020.461,20379,251385.2,2775903,2018.608,2006.489,NA,NA,49122.12,NA,NA,204235.9,106737.2,32513.47,NA,39065.32,96309.96,60464.7,5141.304,2169.298,36966.49,330646,263013.5,NA,41490.24,4703.867,9627.721,NA,18386.41,11269.91,112696.7,67191.6,9553.589,159403.8,88839.19,30343.69,8294.067,3544289,13850526,84850.29
2005Q3,NA,10435987,79519.54,262478.5,94784.74,115656.2,10833.47,NA,3921.525,NA,3727.815,416458.8,2781.814,378724,132200.7,42834.98,867495.9,5751.342,55575.15,7063.066,5894.114,48040.94,854134.7,83127.25,1161156,764431.6,14160.44,48927.1,3511236,358022.2,5150.773,61968.97,657007.5,613886,2427.689,NA,77708.06,8245.126,11158754,47707.75,3263.579,14924.94,35267.89,135328.2,258054.8,56920.83,3160.876,48407.49,569957.9,4888.397,1417778,24632.38,NA,243175.2,NA,931758.3,NA,NA,9166.578,12512.69,6273.215,20828.68,253994.7,2818717,1968.578,2019.085,NA,NA,49519.23,NA,NA,206716.5,107307.8,32575.73,NA,39706.04,98139.83,60235.49,5089.423,2216.975,37288.18,334162.8,267279.4,NA,42506.82,4694.486,9877.793,NA,18746.99,11383.35,114334.1,68114.3,9662.902,161654.7,89323.02,30757.54,8400,3572069,13991324,86007.31
2005Q4,NA,10505081,81056.3,264663,96188.22,116540,11013.15,NA,4007.538,NA,3763.689,422245.2,2844.483,382485.3,133581.3,43349.98,897278.5,5881.241,56682.5,7164.669,5945.074,48860.64,857367.6,83582.06,1195114,780305.4,14314.56,49862.92,3589266,361562.5,5269.035,62148.33,661596.6,619654.5,2426.448,NA,78167.52,8333.396,11238357,48282.64,3304.617,15084.94,35661.99,137377.3,263963.1,58840.41,3218.485,49336.6,572616.2,5004.36,1420358,25557.49,NA,245965.5,NA,946796.1,NA,NA,9385.266,13163.07,6495.791,21120.99,258699.7,2884716,2004.251,2034.577,NA,NA,50393.37,NA,NA,208114.3,107463.9,32597.91,NA,40018.79,100004.5,60325.2,5380.944,2285.04,38425.65,339306.9,273398.9,NA,43875.92,4742.235,10075.91,NA,18701.2,11572.3,114726.2,69023.91,9774.963,167000.4,93386.51,31041.77,8563.366,3591924,14135835,86583.03
2006Q1,NA,10604810,83193.07,264833.6,97117.62,117230.7,11184.73,NA,3989.198,NA,3855.244,428171.8,2982.405,385590.7,135183.8,43741.16,927755.9,6016.591,57909.47,7257.09,6040.658,49816.74,866937.5,84457.23,1229718,796905.2,14528.53,50488.49,3672638,365767.7,5390.698,63724.49,667124.8,622729.2,2507.664,8574.377,80808.31,8560.754,11353864,49350.21,3368.619,15184.24,35924.06,139238.9,271584.5,59441.2,3210.244,50110.85,574113.7,5115.778,1422402,25766.42,NA,249875.5,NA,962963.1,NA,NA,9382.782,13164.72,6574.572,21606.9,263755.9,2950907,2109.671,1997.839,NA,NA,51456.69,NA,1960.416,209314.5,108856.2,32884.12,NA,40838.69,101504.6,60841.69,5383.572,2202.493,39417.87,350068.7,281292.7,NA,44647.79,4896.111,9881.672,NA,19427.83,11707.69,116717,69376.35,9914.576,168913,92580.46,31564.95,8648.33,3640271,14316715,88104.49
2006Q2,NA,10666654,84199.32,265521.1,97559.17,117631,11378.94,NA,4063.591,NA,3874.934,430030,2871.104,385783.6,136257.2,44650.15,952276.6,5857.078,58643.68,7436.229,6128.116,50746.36,881684.8,86992.72,1257425,815428.4,14729.64,51332.77,3734323,369049.2,5503.616,63828.91,675230.3,624918.6,2552.949,8710.806,81346.49,8547.131,11428614,49847.41,3403.304,15396.6,36455.66,140626.4,273228.6,59967.67,3332.75,51011.78,576237,5188.751,1424605,26783.72,NA,251678.9,NA,970186.4,NA,NA,9644.007,13182.66,6811.443,22273.56,266065.8,2998438,2088.495,2054.002,NA,NA,51934.53,NA,1947.219,212719.5,108943.6,32742.45,NA,41228.67,103839.2,61388.63,5332.53,2175.922,40021.32,357402.1,282995.7,NA,45147.12,4781.294,10049.16,NA,20063.67,11940.94,118570.1,70283.86,10031,174058.2,93479.6,32335.46,8604.114,3649709,14438428,89355.72
2006Q3,NA,10705199,86571.37,269516.2,98162.09,118712.7,11620.13,NA,4145.58,NA,3921.123,437224.8,2880.628,386869.5,137212.3,45258.01,976003.8,5827.102,59836.54,7598.475,6159.931,51347.73,888548.9,86384.6,1285197,823828.8,14916.39,52375.39,3800449,372552.9,5628.972,64438.25,675903.4,626674.6,2669.523,8486.042,81880.38,8756.806,11475880,50732,3467.741,15616.89,36650.31,142986.4,283679.5,60561.13,3336.167,50675.83,578051.6,5253.514,1421874,27821.35,NA,255623.4,NA,983586,NA,NA,9814.466,13291.83,7036.878,22117.03,266730.9,3054256,2073.758,2062.708,NA,NA,52337.62,NA,1964.615,213808,109662.4,33342.79,NA,41627.92,105604.4,61308.15,5465.044,2134.415,40909.38,361706.9,293820.2,NA,46003.7,4883.886,10151.28,NA,20274.13,12148.51,119693.1,71142.44,10125.13,172747,95148.55,33181.05,8663.402,3655140,14540559,90589.86
2006Q4,NA,10816224,88468.88,272903.8,99534.3,120058.2,11810.21,NA,4216.839,NA,3951.827,442655.5,2944.899,388410.2,138989.7,46223.29,1011055,6178.828,60901.99,7822.658,6223.149,51994.9,901480.6,86273.17,1325897,835155.1,14834.59,53178.98,3878952,376020,5769.099,64977.56,679571.9,630024.2,2702.381,8920.356,84121.83,8929.444,11595184,51525.48,3556.613,15813.76,37007.23,145551,289882.6,60972.47,3375.846,51483.56,586218.8,5510.864,1441130,28240.31,NA,257746.4,NA,994912.1,NA,NA,10105.29,13495.17,7370.636,22715.93,267674.9,3123612,2073.47,2066.816,NA,NA,53076.67,NA,2004.401,215664,110957.5,33596.09,NA,42357.93,104126,61708.49,5469.791,2152.753,40910.51,368192.9,300244.9,NA,47787.62,5009.326,10338.13,NA,20571,12415.02,121117.2,72722.41,10309.21,176649,98179.5,34139.96,8755.798,3686570,14728462,91842.59
2007Q1,NA,10882716,90554.75,276602.6,100738.9,121738,11978.58,NA,4391.4,NA,3970.249,450272.5,3063.34,390889,139705.1,46697.48,1056398,6146.308,61838.32,7911.483,6364.597,52968.01,902663.6,86602.2,1377231,857699.4,14802.35,54196.17,3984219,379412.6,5959.659,66262.56,686815,635824,2784.964,9073.96,83668.1,9190.536,11680670,52221.4,3543.511,16217.6,36544.48,148084.3,297992.4,63968.03,3446.56,52519.84,584995.5,5643.9,1450438,28689.99,NA,262315.5,NA,1008981,NA,NA,10414.75,14136.93,7566.952,22048.78,269531.8,3207278,2115.9,2138.585,NA,NA,54174.78,NA,2033.734,218100.4,112138.4,33847.24,29058.31,43529.28,108811.7,62440.31,5652.089,2264.95,42167.14,379574.3,308644.6,NA,48481.03,4871.918,10755.99,NA,21303.45,12637.36,121589.2,73866.76,10607.53,179869.3,97974.28,34869.42,9052.461,3697611,14896290,93333.78
2007Q2,NA,10951288,92422.65,278377.9,101732.1,122277.1,12212.47,NA,4330.205,NA,4043.992,458215.8,3127.982,394663.9,141919,47173.08,1090940,6135.589,62613.55,8116.319,6394.071,53335.61,908625.8,85668.51,1415140,870779.3,14900.33,55070.96,4061207,382768.7,5982.593,67401.38,691275.4,640374.7,2895.65,9203.027,85833.7,9189.544,11762396,53073.56,3693.282,16294.83,36519.54,150126,302616.9,63341.07,3601.313,53280.61,586687.7,5714.672,1451086,29460.37,NA,266756,NA,1023064,NA,NA,10702.57,14471.74,7691.688,22607.86,271333.7,3269517,2172.684,2151.04,NA,NA,55041.57,NA,2042.056,219441.2,112137.2,34323.08,29708.01,43806.91,110117.4,62617.96,5578.685,2334.199,42769.02,388898.5,313434.4,NA,49609.6,4884.349,10839.51,NA,21938.6,12823.4,122798.5,74015.57,10766.56,179923.4,99604.11,35263.41,9148.549,3720226,15039686,94098.7
2007Q3,NA,11002331,93687.93,281686,102271.2,123267.4,12366.34,NA,4341.502,NA,4111.707,462949.7,3108.559,396142.7,143155.4,47302.53,1116896,6414.644,63945.9,8209.739,6461.971,54036.88,913170.6,87134.65,1445441,877215,15144.63,55945.75,4120513,385645.3,5995.42,68043.88,693240.2,645016.7,3047.119,9255.047,85415.75,9313.35,11819173,54106.19,3689.53,16313.33,36701.22,152226.3,308943.6,61907.14,3577.953,54374.2,586883.7,5645.489,1443247,30206.4,NA,269914.8,NA,1033110,NA,NA,10992.88,14365.18,7801.387,23009.08,272315.2,3321927,2283.037,2168.695,NA,NA,55717.29,NA,2066.18,221859,113062.5,34676.55,30252.39,44332.34,111989.4,62794.55,5801.084,2266.24,43190.75,390944.4,319987.3,NA,50929.65,5035.612,10890.16,NA,22459.75,13081.49,123231.2,75034.15,10793.88,180978.2,102216.6,34785.59,9284.371,3741684,15148334,95201.48
2007Q4,NA,11069598,96612.45,282659,102191.1,123766,12633.08,NA,4335.729,NA,4182.465,469672.6,3053.938,396663.3,144324.1,48191.82,1152129,6353.783,64883.09,8363.145,6582.76,54736.04,919941,88099.49,1485706,898647.6,15284.44,57298.62,4217077,387968,5959.562,68911.2,693599.1,648867.2,3011.458,9283.51,84461.05,9301.258,11901789,55077.73,3723.712,16306.49,36819.27,154038.1,321303.6,64241.21,3749.879,55243.34,585646.9,5833.642,1449573,29945.83,NA,275229.6,NA,1046778,NA,NA,11159.51,14451.44,7711.277,23355.13,272969.5,3400893,2298.553,2136.141,NA,NA,57023.88,NA,2132.394,225086.1,113857.2,34844.71,31078.86,45118.74,113445.3,63541.3,5797.061,2126.709,44797.34,400647.1,332789.1,NA,51147.78,5144.289,11117.46,NA,23309.57,13173,124611.7,76126.09,10921.23,187192.2,105581.5,36535.07,9440.937,3765190,15309090,96550.61
2008Q1,2640.384,11092126,97558.12,285733,104378.9,124276.2,12842.2,6409.738,4644.243,NA,4248.463,475955,3264.042,396961,145634.2,49206.34,1180431,6308.909,65187.14,8538.183,6664.571,55057.8,925551.8,87768.65,1519296,923860.7,15684.63,58178.49,4297197,388706.1,5826.821,68843.63,699545.5,651925,3082.049,9460.671,85631.88,9477.543,11944262,55830.1,3782.57,16846.12,37200.88,157740.8,324499.4,62440.94,3649.038,55394.58,591652.9,6018.957,1454995,30599.31,NA,277304.8,NA,1057452,NA,NA,11121.42,14640.86,7823.094,23780.22,273070,3458570,2281.536,2224.612,NA,NA,58387,NA,2154.672,226663,113324.9,34644.36,31907.9,45321.51,115714.2,63527.2,5988.153,2492.361,45339.83,415449.5,336099.2,NA,52449.48,5119.777,11466.43,NA,23235.12,13353.11,123830.6,76116.86,11166.89,191134.3,105507.3,37791.68,9573.241,3749163,15408546,96956.1
2008Q2,2677.498,11086020,97998.25,286677.1,103981.1,124337.5,12991.94,6450.307,4561.997,NA,4335.733,485671.6,3196.636,398407.3,147241.3,49255.59,1207208,6719.135,65289.06,8528.437,6716.908,55422.96,922213.4,86943.59,1551461,925366.7,15897.69,58834.58,4353073,388853.7,5887.458,68306.78,694791.8,648458.9,3138.426,9614.276,84861.83,9658.627,11946732,55177.81,3906.726,16800.58,37384.54,161639.5,326663.3,61115.86,3741.566,55526.79,586122,6126.365,1446252,30982.11,NA,278314.2,NA,1071579,NA,NA,11172.65,14456.05,7613.542,24053.94,274890.6,3504008,2356.96,2235.57,NA,NA,58656.36,NA,2195.551,226825.8,113361.1,34133.46,32863.49,45987.84,116177,63208.87,6136.132,2304.547,47130.66,421052,338340.5,NA,51131.84,5114.513,11592.82,NA,23435.34,13480.49,123034.7,76642.48,11139.44,184352,104355.8,37272.37,9837.248,3771422,15455760,98139.8
2008Q3,2793.418,11020804,98692.37,288590.3,103329.4,123656.1,13137.53,6422.107,4571.823,NA,4385.109,492969.7,3246.754,401681.2,148001.5,48854.57,1221979,6556.171,66039.67,8578.291,6702.721,55566.69,917164.9,86483.67,1570286,915449.9,16163.11,59104.14,4375891,388005.9,5889.499,68542.65,693167.2,638491.5,2886.34,9928.846,84893.31,9554.493,11875317,54563.34,3823.752,16536.93,37293.4,164865.5,328622.3,60896.06,3552.402,55632.51,577402.6,6137.901,1428216,30678.46,NA,280161.4,NA,1080775,NA,NA,11017.3,14334.02,7306.574,24317.46,275182.9,3531596,2373.507,2243.87,NA,NA,58559.87,NA,2143.951,226216.5,113227.8,34139.18,33152.77,46744.69,115712.3,63122.36,6106.131,2424.687,48222.99,415365.8,340369.4,NA,50804.2,5097.893,11471.94,NA,23709.46,13459.65,122127.5,76795.11,11294.43,181002.6,100311.6,36390.11,10029.9,3751656,15411148,98374.36
2008Q4,2830.568,10801023,94173.79,287362.7,100839,120972.1,13199.35,6367.136,4562.154,NA,4345.429,474579.8,3060.912,397020.5,143458,48461.98,1234617,6339.975,65081.33,8492.079,6660.439,54347.68,903026.8,84859.12,1579595,884683.2,16333.93,59694.11,4321741,381994,5190.615,67051.26,684747.5,624813,2977.545,10119.26,84295.02,9523.787,11629601,53471.56,3756.927,16229.32,35979.96,165126.6,327712.9,58029.25,3750.329,55333.41,564151.5,6221.452,1393007,29997.6,NA,270709.3,NA,1052032,NA,NA,10901.8,13805.78,7089.61,24260.73,270781.1,3502416,2355.382,2270.585,NA,NA,57079.87,NA,2072.993,223727.8,113455.9,34125.59,33148.2,46610.58,115943.7,62338.27,6084.767,2441.298,48325.63,393981.4,339427.6,NA,49635.64,5052.077,11354.21,NA,23521.93,12993.99,117833.3,74810.41,11314.45,176405,98439.67,33676.42,10144.21,3669564,15135482,97814.33
2009Q1,3043.023,10556675,90803.18,290208.4,99481.76,119765.5,12633.65,6544.991,4463.345,12575.05,4385.19,468260.6,2241.984,388061.4,140938.2,48225.59,1258354,6560.349,65120.19,8275.732,6572.154,52605.04,860565.4,83195.66,1599120,849601.7,16305.07,60802.86,4272847,371778.2,5053.695,62701.16,671322.9,612101.2,2926.486,10202.19,80042.55,9403.502,11360307,51636.66,3691.445,15576.52,34463.37,165974.6,325281,57541.5,3372.091,55520.77,550351.8,6337.218,1325838,30037.05,10649.41,271423.2,NA,1024246,NA,NA,9569.8,13548.04,6725.673,24179.4,254034.9,3476990,2336.235,2171.097,NA,NA,55062.5,NA,2042.512,218616.7,111588.3,33852.25,32879.28,45773.46,117914.8,60760.5,5840.994,2508.763,43643.24,377679.5,336908.7,NA,48334.7,5008.513,11075.8,NA,21854.04,12328.21,116751.8,72588.31,11334.22,166412.8,97025.66,30397.41,9969.285,3627895,14839817,96292.78
2009Q2,3099.567,10579391,88553.41,292106.8,99093.99,119954,12632.27,6544.008,4449.511,12167.53,4448.161,476513.5,2688.25,383875.4,141737.4,47945.58,1305272,6593.596,65813.8,8399.804,6528.357,52344.14,862896.4,81678.75,1652459,854288.6,16230.48,61443.69,4357318,372036.9,4882.18,62422.29,672486,610135.1,2860.323,10322.43,82115.11,9499.392,11381218,53472.42,3737.81,15504.65,34484.01,168322.4,342212.8,57479.75,3354.833,56010.61,547132.7,6434.531,1352006,30198.1,10740.45,275092.5,NA,1026780,NA,NA,9459.059,13733.91,6304.134,25151.57,249919.8,3561099,2307.181,2195.528,NA,NA,56445.2,NA,2059.614,216588.6,110951.2,34277.28,32644.8,46757.44,117914.8,60825.81,5918.498,2565.304,43936.86,375423.1,354445.8,NA,50377.83,4987.526,11063.29,NA,22067.37,12227.32,116385.3,74248.7,11522.33,173081.8,98256.61,30670.37,10107.64,3621395,14944039,95962.31
2009Q3,2972.241,10620600,92104.51,293126.6,99608.1,121624.6,12737.06,6592.711,4450.983,13170.85,4534.77,487734.4,2810.784,385592.3,143703.9,48518.27,1349938,6661.543,66484.95,8505.449,6518.716,52568.39,868050.3,81906.24,1704890,866616.7,16150.82,61794.62,4464754,372773.7,4794.042,63016.88,673618.1,610602.3,2856.163,10375.43,81846.02,9706.643,11430285,53748.73,3701.781,15315.7,34463.31,171565.3,350868.8,57090.39,3430.325,56451.32,548502.9,6504.698,1351320,31041.61,10924.5,283484.6,NA,1053218,NA,NA,9464.234,13976.31,6000.236,25424.69,258912.6,3657948,2290.021,2210.682,NA,NA,58024.68,NA,2080.024,216815.3,110997.4,34491.23,33215,47304.42,118622.3,61345.72,6157.144,2687.803,45299.85,379519.5,363411.2,NA,52332.13,4976.847,11146.02,NA,22276.66,12252.99,116285.3,76599.25,11642.17,177227.9,99329.85,30818.94,10434.7,3634127,15089122,96184.89
2009Q4,3007.202,10714873,93972.55,295481.7,99593.09,122495.7,12359.2,6619.474,4414.685,13108.14,4529.311,499971,3195.302,390072.4,144488.6,49116.29,1381840,6678.621,67159.55,8644.166,6586.203,52559.8,874809,82060.04,1743495,877715,16092.09,62567.69,4549410,372664,4818.142,62578.31,679084.4,612393.1,2973.248,10694.42,81700.03,9782.785,11532499,54798.44,3767.65,15514.21,34432.56,174179.8,356076.7,55969.41,3410.016,57080.6,549871.8,6450.762,1368161,32285.62,11106.55,285561.1,NA,1075488,NA,NA,9307.954,14106.72,6043.544,25748.19,264512,3733343,2402.407,2269.305,NA,NA,59628.35,NA,2096.761,218237.6,111035.8,34909.82,33801.37,47540.25,121469.2,61391,6321.924,2719.048,45711.51,382317.5,368805.3,NA,53101.12,4990.857,11136.78,NA,22555.98,12246.09,117115.4,78815.16,11783.48,180688.8,107408.7,31408.2,10729.68,3673393,15266298,96826.33
2010Q1,3048.957,10790884,96916,296772.1,99337.91,122971.2,12530.48,6601.174,4476.594,13109.48,4529.465,510729.1,2923.993,394798.3,145877.5,49275.29,1412949,6671.354,67647.57,8745.645,6661.541,52973.51,881099.1,82783.22,1781902,885926,16404.57,64525.79,4632817,372332.1,4868.187,63124.99,680671.9,618045.1,3006.864,10856.36,80761.08,9763.354,11618100,55827.88,3784.282,15417.11,34485.66,176350.3,367862.6,57253.67,3192.641,58009.71,552461.6,6472.525,1382321,32351.46,11456.88,292251.6,28296.53,1092886,NA,13149.89,9373.881,14321.51,6049.368,25296.83,265565.2,3805601,2451.622,2333.65,1523.468,NA,60634.31,87695.04,2121.043,218244.6,113005.5,35323.4,34756.99,49348.2,120983.3,61937.58,6588.47,2718.901,43244.7,393133,381012.5,127723.1,56187.36,5116.576,11231.76,NA,23464.38,12252.02,119293.9,81096.5,11895.27,180155.3,108084.5,31716.76,10942.61,3691200,15423701,97956.09
2010Q2,3152.828,10900592,101057.8,298601.9,100756.4,124093.4,12736.01,6769.2,4470.019,13229.28,4638.012,517124,3055.581,396865.6,146904.5,50946.93,1446493,6802.706,68738.94,8849.222,6669.804,53729.65,900297.5,83149.51,1820508,898848.2,16612.03,64647.86,4719030,372811.6,4945.83,64927.19,684114,624690.4,3055.667,11031.07,77308.72,9837.817,11737187,56790.64,3876.093,15136.17,34752.73,179557.6,377323.5,57223.31,3320.911,58947.72,555997.8,6545.679,1399141,32901.29,11650.8,296973.6,28277.08,1111210,NA,13923.97,9428.527,14468.32,6002.778,25951.26,268701.9,3882435,2338.298,2311.431,1550.498,276890.1,61795.75,89007.56,2131.048,220249.5,112226.6,35505.87,35801.66,50258.06,122798.1,62152.21,6701.603,2737.874,43663.13,395485.2,391247.4,130013.1,59560.3,5039.786,11228.87,220326.1,23612.36,12405.36,122327.7,80852.64,11948.07,187002.1,110040.2,32034.7,11153.22,3726904,15619622,98778.35
2010Q3,3178.273,10983130,101592,300719.7,101832.1,124585.1,12830.65,6791.308,4454.871,14131.61,4701.134,521691.9,3034.981,399643.9,147604.9,52142.96,1483042,6853.212,69252.45,8993.589,6716.357,54269.9,908977.2,84293.2,1860489,904259.6,16936.02,65069.99,4785704,372552.9,5023.57,64609.01,688621.4,628347.6,3095.394,11382.94,74805.34,9834.084,11819171,57283.4,3854.975,15340.57,35016.32,182252.4,384167,57643.03,3269.183,59559.9,557501.5,6640.1,1424367,33306,11740.7,299993.1,27754.38,1121362,NA,14335.66,9473.652,14275.84,5986.365,26321.42,271081.5,3949663,2482.704,2361.733,1613.404,277375.5,61790.86,91045.74,2179.995,220443.7,110427.5,35003.56,36167.64,50502.64,124271.6,62380.58,6754.651,2789.216,41753.89,394400.6,398502.7,129960.7,57903.4,5060.824,11357.52,223715.2,23763.92,12430.34,124342.5,81287.39,12048.37,192183.9,111114.2,31796.25,11118.22,3755663,15768834,99657.66
2010Q4,3138.092,11034632,102869.5,303156.9,102796.6,125304.7,12964.05,7162.932,4525.661,14514.83,4763.774,528861,3058.108,404127.1,148830.2,52763.49,1518396,7073.405,70831.85,9053.829,6756.023,54524.17,914939.4,83819.93,1900153,920107.5,17435.85,65868.49,4886191,372959.2,5136.682,65997.21,692877.7,628758.3,3243.076,11526.24,74480.43,10067.34,11894407,58213.93,3939.177,15201.82,34978.61,185318,395106.6,57690.13,3400.197,60514.3,562373.6,6660.119,1412923,34066.11,12068.72,304227.7,29092.99,1136227,NA,14702.25,9628.69,14364.47,6047.251,26769.18,273290.5,4026417,2381.771,2388.56,1585.261,293443.1,62445.38,92140.49,2211.723,222348.6,112412.2,34597.13,36810.87,50784.27,125265.8,62097.93,6892.255,2839.297,42954.32,400231.1,409808.8,143084,60150.31,5158.211,11311.71,226452.3,23945.68,12483.75,125848.7,81624.09,11966.14,197993.3,113970,32539.07,11277.67,3775340,15920824,100585.3
2011Q1,3236.229,11056945,105343.5,302514.2,103918.6,126164.3,12966.42,6871.606,4552.911,14416.63,4806.89,536570.1,3285.854,407204.9,149603.7,53378.4,1556745,6937.329,72196.6,9100.348,6788.251,54594.8,931478.8,84393.27,1945115,937284.3,17750.88,62211.67,4972661,372664,5268.938,66273.62,701887.7,630487.8,3242.005,11892.34,71800.99,10167.28,11927928,59810.26,3928.927,15182.7,35407.67,187929.4,405621.2,58182.06,3236.721,61570.8,565203.3,6667.88,1397684,34727.34,12160.92,307132.4,29577.82,1151875,NA,14393.17,9901.403,14572.17,6013.472,26924.51,275110.7,4101678,2461.356,2365.452,1778.327,289028.5,63719.35,93491.6,2239.275,224797.7,112888.9,35196.75,37400.87,51474.75,127520.6,61819.18,7033.269,3005.406,44338.56,407146.9,420014.4,142201.4,61283.69,5274.036,11425.03,229343.8,24031.2,12585.6,126852.7,83468.27,11568.2,202456.8,115154.8,33385.88,11573.59,3766436,16029606,101575.8
2011Q2,3102.435,11079233,106488,306092.4,103846.1,126483.6,13095.82,6907.332,4522.254,14619.5,4859.862,541352,3160.299,407944,150526.2,54145.27,1591873,7028.167,73316.47,9308.593,6783.706,54900.37,934008.9,85194.09,1983191,949413.1,18191.41,64683.46,5046756,371705.1,5343.568,66111.46,701853,631043.9,3319.438,12384.56,70479.87,10229.37,11961675,59577.29,3977.062,15369.36,35341.69,190694.1,409086.2,59014.16,3333.415,62144.93,564138,6726.311,1385857,35335.85,12248.03,308465.5,30584.19,1162080,NA,14933.94,10103.32,14387.83,6178.022,27454.56,276288.2,4164314,2467.262,2347.364,1563.296,296876.1,64681.55,94210.08,2296.461,224665.1,112588.1,35519.46,37679.61,52098.08,129178.4,61385.43,7025.67,2999.024,45074.03,410653.3,424020.1,145814.9,61132.68,5274.558,11271.1,231175.5,24244.49,12500.45,127175.3,82281.16,11706.3,208018.6,114888.6,33413.49,11647.38,3791901,16125989,102144.3
2011Q3,3240.218,11130066,107417.6,310347.2,104475.2,126844.5,13106.72,6984.508,4516.479,14429.44,4947.135,540443.1,3315.179,413525.7,150110.4,54492.82,1623334,7281.061,74809.49,9341,6651.349,54882.57,939057.4,84095.55,2019546,963199.5,18492.9,65156.45,5112104,369417.6,5413.535,66194.99,704311.5,632984.8,3396.356,12709.92,68929.75,10350.13,12024833,59702.27,4070.266,15298.44,35381.4,193342.1,408562.2,58136.01,3398.202,63352.43,561717.3,6804.766,1419498,35953.25,12369.99,309892.3,32265.34,1170581,NA,15666.9,10087.08,14552.94,6283.91,27477.47,281221.1,4217337,2460.065,2374.626,1733.192,302164.5,65477.68,94141.03,2341.679,224341.8,113755.5,35915.16,38487.83,52114.78,130728.5,60959.49,6955.028,3011.628,45998.53,415161.3,424229.1,148718.7,62719.29,5281.838,11256.55,232384.2,24306.63,12492.58,127940.4,83544.07,11745.62,213550.8,115089.4,34019.96,11928.88,3791010,16242170,102567
2011Q4,3274.075,11170823,107348.1,313702.8,104824.2,127057.4,13091.72,7086.271,4508.618,14685.91,4995.312,545575.2,3140.816,416812.1,150189,55677.6,1650747,7285.966,75357.12,9465.544,6691.979,54929.29,939057.4,84741.75,2045872,970372.8,18668.82,65954.95,5174792,367353.6,5412.66,66262.56,706468.1,633782.3,3437.729,13134.42,65826.63,10410.25,12073517,60009.16,4071.069,15198.83,35786.26,196216,419748,58475.13,3457.924,63764.97,556334.5,6846.846,1417703,36560.83,12542.58,311970.5,32004.21,1180237,NA,15867.18,10208.79,14509.39,6316.947,27955.46,283254.5,4272098,2480.689,2403.175,1831.759,307516.8,65845.71,95805.64,2315.093,223159.1,113793.5,36210.68,39044.86,52933.32,131905.1,60144.95,7081.313,3135.352,43920.07,418889,435615.2,152675.5,63116.25,5313.89,11227.68,235178,24624.39,12508.04,125787.3,78298.73,11858.23,216448.6,114355.7,34156.65,11658.51,3833659,16345615,103268.6
2012Q1,3205.772,11231793,106328.8,316852.5,105134.4,127044.7,13182.36,7297.033,4456.318,14738.86,5042.313,537915.8,3319.607,417075.2,150929.7,56821.57,1682281,7490.898,76532.27,9659.921,6656.72,54855.48,941083.8,84538.17,2090852,977397.1,18991.74,65893.92,5242344,363886.5,5449.781,65846.1,706683.4,639309.4,3495.56,13531.93,65238.36,10522.24,12149089,60117.15,4113.305,15041.96,35293.99,199491.1,429676.1,57344.73,3326.928,63264.77,549982,6876.562,1437334,36863.75,12679.16,314953.1,34088.92,1178287,NA,16615.51,10370.35,14595.42,6644.881,27526.29,286024.7,4325047,2437.91,2427.548,1871.692,311646.5,67063.14,96994.21,2439.481,222959.1,116596.5,36275.07,39694.06,54500.69,132168.9,59824.72,6832.437,3158.071,46333.2,425340,446291.6,154817.1,64276.7,5414.423,11157.8,237869.8,24621.62,12365.88,126565.4,85644.73,11988.65,214522,116519.4,34200.72,11953.88,3865801,16474137,103854
2012Q2,3236.156,11229378,102504.2,319072.3,104968.1,126772.8,13147.28,7134.029,4504.844,14961.73,5096.475,547149.5,3176.982,418431,151388.5,57875.49,1715182,7591.728,76816.88,9708.513,6541.165,54456.17,941985.8,84518.22,2129981,982798.7,19186.67,66666.99,5299741,360346.2,5540.348,65170.43,703622.3,638544.4,3557.346,13815.09,63676.78,10511.36,12147945,60482.14,4178.284,14892.11,34967.3,202431.7,429400.4,58713.77,3375.488,63854.07,545812.7,6893.014,1424070,37407.33,12789.62,316282.8,32997.73,1187849,NA,16393.71,10385.77,14595.54,6614.28,28133.22,287931.1,4381174,2468.181,2457.662,1868.411,313095.1,68003.05,98129.26,2404.784,222848.6,116773.9,36492.6,40170.98,55222.21,131904.5,58920.7,6931.058,3224.419,46352.07,426301,445794.2,155930,64849.4,5425.705,11337.21,240223.6,24698.45,12162.86,126782.8,87273.65,12115.69,218228.7,116292.1,34425.04,11957.81,3882985,16529119,104720.9
2012Q3,3287.553,11238512,105814,321070.7,105111.9,126989.1,13116.2,7183.087,4525.134,14696.87,5173.133,556696.5,3097.244,419003.7,152723,58324.36,1746632,7384.617,76460.58,9765.99,6457.013,54255.29,944012.2,84670.54,2166404,988574.5,19499.4,66941.63,5366405,358723.7,5586.798,64930.87,705204.8,644618,3631.659,13979.49,62749.29,10595.72,12160316,60948.47,4201.104,14947.4,35054.47,204971.9,436177.6,57840.85,3405.609,64587.63,542047.5,6946.549,1418743,37571.02,12984.83,317692.9,32602.58,1203291,NA,16519.43,10611.08,14762.53,6658.541,28445.8,288455.5,4444602,2458.316,2493.248,1907.913,313572.2,68801.63,99273.82,2434.633,221784.5,115680.5,36704.4,40982.5,56113.53,131904.5,58312.85,7191.457,3264.968,45244.22,430229,452697,155876.7,64219.61,5428.095,11210.29,241866.7,24742.16,12183.01,127401,87976.98,12310.83,222080.2,118042.9,33565.12,12268.48,3888595,16604917,105146.7
2012Q4,3294.22,11236435,107571.6,322366.9,104570.3,126836.4,13074.29,7296.878,4457.091,14757.99,5301.732,557067.1,3283.467,419866,152634.6,58670.51,1782564,7361.181,77438.36,9887.447,6332.23,54187.85,940873,84679.27,2209870,991512.2,19653.97,67348.51,5428086,355736.1,5645.686,64860.85,705261.7,643979,3610.715,14240.57,62113.78,10752.92,12157306,61616.59,4217.185,14835.39,34971.48,207574.2,443034.9,58166.36,3461.047,64686.37,538216.2,6992.888,1417954,37913.29,13128.85,320058.2,32993.1,1209589,NA,16984.23,10694.5,15017.21,6695.178,29012.07,290709.6,4507216,2458.997,2500.937,2039.429,314140.4,70072.33,99292.66,2509.647,220556.5,116288.1,37122.99,41114.63,57345.85,131772.6,57354.07,6953.449,3245.247,44815.5,430185.6,460019.2,154811.8,65893.88,5462.586,11260.73,242954.9,24685.74,11964.95,126749.5,90274.45,12439.91,225640.4,118838.9,33299.21,12278.8,3893136,16664522,105648.2
2013Q1,3265.925,11295416,107469.7,324060.8,104247.6,126335.5,13039.11,7569.808,4551.672,15166.47,5381.72,559760.3,3474.566,423624.3,153231.3,59161.58,1815194,7705.821,78549.6,9914.445,6184.309,53977.55,935648.8,85296.79,2246882,1002889,20141.59,67506.17,5494092,354740.6,5666.87,64290.83,705790.1,646124.1,3641.204,14507.54,61660.05,10823.97,12219298,62132.61,4222.735,14888.9,35192.76,210635.5,450847.6,57852.36,3475.403,65564.9,533348.9,7040.948,1436922,38775.13,13172.71,322596.7,32511.42,1216009,NA,17119.96,10762.08,15019.33,6698.143,28874.85,291011.7,4570209,2512.848,2545.994,2140.787,313557.5,70054.94,101458.9,2518.32,220464.6,116773.3,37326.2,41711.1,58647.67,131377.3,57558.87,7475.824,3227.05,44875.31,433246.5,467967.5,154480.7,66506.98,5437.858,11173.29,246787.4,24700.58,12009.25,127398,90208.55,12346.56,232250.2,118480.5,33820.92,12428.13,3931510,16789507,106467.9
2013Q2,3329.968,11358206,108119,325264,104491.5,127163.8,13013.99,7518.11,4593.128,14920,5478.714,567801.3,3599.841,426063.9,154384.7,59569.64,1846181,7756.328,80826.05,9888.101,6038.041,54173.85,946964,85453.39,2282134,1014501,20536.55,67628.24,5569049,354408.8,5655.404,64577.07,711974,650462.2,3737.99,14972.77,61735.91,10996.49,12291447,62410.84,4319.942,14969.5,35520.62,213726.6,456486.7,59207.79,3525.11,66616.83,533320.8,7109.398,1450189,39624.8,13335.18,326242.1,33862.45,1228554,NA,17374.1,10878.2,15286.87,6749.498,29538.16,289828.5,4635808,2536.174,2625.623,2237.591,319810.4,71054.65,103282.4,2574.148,221408.9,117315.5,37181.66,42907.85,59250.21,132428.3,58051.53,7551.201,3366.717,45638.41,434756.6,473860.8,158314.7,67859.94,5538.409,11214.27,250188.9,24789.41,12026.5,127449.7,89683.48,12472.64,239069.1,119273.1,34117.66,12618.48,3942017,16927255,107242.5
2013Q3,3199.205,11438873,108831.9,327912.8,104841.7,127674,13068.99,7625.955,4600.753,14907.69,5545.754,570166.4,3498.168,429567.5,155458.2,60028.36,1885647,7992.326,81240.23,10069.57,6029.777,54459.57,951707.9,86174.59,2326797,1019708,21074.32,67852.02,5639497,354150.2,5645.783,64750.28,711849.1,655840.4,3783.362,15099.38,62112.35,11042.14,12378274,62787.03,4305.525,14920.08,36070.76,216376.2,464134.3,61273.91,3532.119,67277.9,535054.6,7122.466,1464251,40125.93,13460.61,329514.3,33808.03,1235546,NA,17173.49,11032.62,15332.78,6837.597,29743.87,291599.3,4700096,2572.253,2664.887,2225.674,323944.1,72298.18,104392.5,2590.906,222521.8,118057,37538,43186.21,59934.13,133355.3,57887.98,7561.021,3443.757,46136.39,434812.7,481307.8,161795.6,68324.23,5605.438,11454.91,252194.2,24939.49,12032.99,128509.3,90315.43,12552.4,242573.6,120825.4,33046.13,12698.89,3975584,17078369,107751.2
2013Q4,3356.807,11501844,107953.7,330515.4,104990.6,128019.9,13090.99,7728.53,4618.548,14731.36,5611.383,571250.3,3718.605,434063.2,155832.4,60280.23,1918265,7986.33,82405.88,10130.54,6023.442,55072.24,952820.7,86194.21,2363500,1025961,21155.9,68431.82,5700877,354850.4,5638.69,64638.49,716991.2,660218.2,3859.626,15271.64,62415.79,11087.18,12447685,63375.63,4328.132,14860.21,36365.07,218943.6,473840.6,61010.15,3654.162,67871.78,534610.1,7159.021,1462745,40026.4,13583.91,332401.4,34017.82,1239657,NA,17218.62,11116.66,15199.66,6872.434,30090.87,293043.2,4755035,2482.223,2662.057,2248.119,326216.2,73390.03,105591.2,2590.238,223866.2,117921.8,37756.96,43611.28,60388.35,134155.5,58607.12,7615.136,3458.491,46604.29,437975.8,491059.2,162659,68954.71,5629.646,11320.89,254483.1,25009.06,12274.93,129793.2,90265.34,12670.61,243044.3,122777.3,34329.4,12964.05,4010219,17202721,108331.4
2014Q1,3326.233,11529750,106297.8,333104.6,104930.6,128759.2,13081.67,7806.383,4666.673,15173.53,5691.778,575479.1,3638.143,434796.7,156587.1,60395.61,1951613,8056.458,83559.87,10257.34,5969.452,54862.15,962777.2,86203.77,2402030,1034605,21208,70059.33,5764572,356178.9,5744.708,64085.67,716288.5,665591.6,3945.791,15231.4,62286.97,11276.81,12479002,63952.06,4383.094,14758.98,36712.23,221540.3,477861.3,63388.17,3541.696,68857.72,534375,7278.445,1473819,40539.46,13831.93,334951.1,34076.1,1246201,NA,17123.64,11241.99,15520.55,6884.187,29650.79,294944.6,4815320,2598.625,2747.63,2416.318,329909.2,74418.83,107901.4,2650.355,224383.7,119100.1,38176.98,43726.59,62111.75,135899.5,58186.87,7833.882,3466.362,47104.88,436562.3,494985,164792,69466.33,5675.257,11221.55,256841.2,25336.68,12271.21,130250.6,89929.55,12779.81,250095.2,123953.6,33677.85,12821.31,3996418,17294322,108181.9
2014Q2,3358.336,11583134,105444.5,334779.8,105474.7,129057.7,13166.21,7916.191,4578.071,15154.7,5763.646,567950.6,3772.731,438760.1,157890.8,60799.45,1986842,8223.237,83853.99,10294.17,5955.679,55320.79,963081.7,86278.44,2443139,1035184,21493.81,71035.84,5822328,358096.7,5772.5,64208.52,717369.8,671774.5,3839.309,15342.3,62357.1,11466.09,12537631,63851.6,4444.07,14869.55,37193.54,224303.8,491857.9,65216.7,3538.599,69188.13,534633.4,7320.422,1447592,41099.26,14061.18,338131,33701.29,1243195,NA,17816.63,11350.87,15304.7,6898.059,30202.18,298806.8,4867831,2652.982,2792.51,2609.941,330973.1,75667.52,110154.1,2681.168,225104.7,119666.4,38342.27,43653.33,63226.39,137394.4,58347.81,7850.795,3452.234,47249.7,439549,509674.5,164490.8,70193.06,5656.217,11106.16,260162.4,25426.15,12386.17,130843.9,90489.4,12854.19,246038,125217.8,32804.47,13036.46,4048060,17405462,108608.9
2014Q3,3350.258,11669945,104584.1,336129.3,105664.8,129921.9,13216.75,7975.723,4624.918,15200,5871.693,567382.8,3902.005,442966,158763.6,60592.61,2022195,8191.262,84656.86,10376.42,5947.691,55937.08,968024.8,87541,2483344,1039637,21868.13,71468.15,5879787,360973.3,5846.159,64398.94,721710.2,677014.6,3862.759,15634.3,62966.85,11506.01,12625300,64791.2,4426.317,14797.16,37547.8,227128.3,500305.2,66044.61,3681.03,69725.17,534749.7,7364.332,1449071,41669.09,14161.69,339001.9,33855.75,1243981,NA,18026.35,11402.1,15601.03,6968.686,30257,299244.3,4924431,2615.507,2837.889,2683.628,332529.7,76428.31,110943.1,2690.08,225034.9,119990.7,38820.97,43941.69,63581.36,138493.5,58409.44,7970.608,3150.747,48193.36,436719.2,518331.6,165517,70823.75,5626.048,10942.36,261963.2,25633.03,12459.46,131795,91326.95,12941.05,252084.5,127292.2,31117.08,13243.56,4097208,17549731,109130.8
2014Q4,3354.337,11728700,105184,337408.8,106224,130444.8,13336.47,8052.605,4709.14,15141.31,5894.873,569862.2,3780.238,446027.6,159818.2,61360.88,2057216,8819.5,85484.35,10487.51,5971.656,56450.2,975193.5,87480.83,2523809,1043745,21842.18,72058.12,5941686,364477,5940.321,64327.68,720265.1,681728.7,4014.174,15707.91,62480.2,11650.72,12687148,65036.81,4448.131,14890.56,37751.82,229735.3,504814.8,66112.65,3664.835,70747.72,534195,7427.271,1455999,42020.8,14185.97,340807.1,33252.33,1251995,NA,19274.79,11444.33,16007.71,6988.169,30011.47,301791.3,4983238,2598.974,2923.329,2671.012,333745,77510.11,111860.9,2743.85,228077.2,120938.1,39330.43,44212.32,64364.42,139740,58882.19,8140.053,3402.298,48249.21,436919.6,524089.6,166527.3,71889.67,5634.771,11105.17,264302.4,25720.16,12469.4,132777.6,92312.21,13013.64,255482.7,127606.6,29321.23,13257.66,4117954,17670386,109947.9
2015Q1,3381.673,11823069,106650.2,340713.1,106113.9,130794.2,13470.8,7978.996,4751.326,14809.45,5959.341,565231.5,3673.257,443544.2,159407.9,61667.63,2090536,7985.967,85991.38,10508.26,6041.209,57501.18,973003,88140.21,2562815,1046834,21967.28,72587.07,5997279,368901.6,5854.224,63804.34,724354.3,683567.4,4019.285,16099.53,62740.7,11808.32,12785266,65449.67,4526.357,15001.99,38359.82,232393.4,513700.7,79761.17,3595.771,70694.02,536070.9,7440.14,1477796,41586.01,14489.9,343753.3,33808.85,1252197,NA,17464.97,11536.75,15900.2,7070.021,30817.27,303209.6,5035082,2676.269,3016.236,2769.498,338827.4,78662.85,112450.3,2764.673,228971.4,121554,39647.42,44638.64,65695.74,141975.8,59235.24,8174.753,3431.263,48818.87,433032.2,531165.7,169771.8,71605.03,5786.512,11200.2,265441.2,26511.3,12557.17,134423.3,92757.01,12991.99,260312.2,129354.6,28439.77,13312.35,4155082,17820348,110742.2
2015Q2,3418.833,11876560,109345,341108.2,106761.8,131402.7,13565.72,8170.208,4786.616,14528.3,6086.771,552410.6,3631.548,442333.4,160361.1,62199.52,2127941,8923.238,86768.77,10737.13,6111.864,58198.52,978965.2,88717.66,2605824,1050204,21318.34,73344.88,6057315,373032.3,5964.907,64718.34,724709.4,687798.7,4124.234,16225.16,62607.59,11818.11,12842520,65856.06,4575.923,15120.14,38410.35,234976,527818.1,78130.46,3817.867,70919.67,538183.1,7497.977,1480178,41609.52,14733.05,345231.6,33968.78,1245708,NA,17231.31,11637.97,16011.49,7162.99,31287.58,305969.9,5091354,2694.909,3078.039,2857.537,344254.6,79759.6,112954.8,2765.099,229944.8,121968.7,39984.44,45040.14,67136.44,142827.7,59276.95,8091.573,3511.419,49378.92,431113,545049.4,173476.5,72496.37,5731.151,11224.53,266274.9,26657.46,12640.4,136780.8,93153.78,12997.21,264278.8,127877.4,28242.77,12850.01,4180814,17933875,109807.2
2015Q3,3454.373,11925183,109124.3,344418.2,107078.3,131582,13714.51,8152.846,4792.48,14574.1,6096.917,543761.3,3506.08,443917.4,161236.8,61992.67,2163831,9236.085,87553.5,10869.51,6183.621,58870.95,983510,88859.76,2647310,1056845,21715.68,74921.53,6116981,376461.6,6013.106,64660.6,726642.1,690396.5,4083.142,16036.72,61320.82,12064.56,12894258,66211.01,4629.811,15372.88,38702.67,238053.4,537641.6,79944.33,3792.87,70977.47,538390,7573.014,1481965,41738.15,14844.11,350353.4,34205.26,1242893,NA,17628.31,11778.83,15922.15,7279.467,31523.52,309530.8,5147906,2737.026,3116.92,3136.005,346753.8,80270.6,113984.5,2867.934,231038,122890.4,40527.53,45360.31,67507.16,144684.4,59375.08,8212.639,3482.366,49349.33,431070.9,555269.9,173889.8,73370.54,5800.176,11199.96,267909.2,27014.01,12709.27,137252.3,94511.55,13005.54,267983.8,127196.9,28760.48,13313.01,4197552,18042164,110301.8
2015Q4,3430.646,11960244,107903,346575.8,107657.5,132044.8,13799.69,8237.182,4816.776,14439.38,6202.013,538487.3,3545.906,444211.6,162017.3,62537.22,2199001,9026.793,87219.22,10820.62,6322.589,59183.76,988054.9,89099.45,2688268,1060471,21514.26,75007.99,6160641,379817.6,6003.971,65036.52,728279,694278.2,3959.001,16041.13,62830.87,12085.39,12929624,66266.6,4649.256,15149.67,39109.07,241304.5,544021.2,81194.05,3859.685,71722.83,541245.5,7612.535,1479433,42166.69,14970.31,353061.1,33672.65,1236246,NA,17174.07,11782.97,16023.53,7263.689,31711.84,308628.5,5191262,2751.259,3175.076,2835.481,346737.5,81209.7,113359.6,2881.397,231581.1,122191.7,40946.13,46160.82,68820.57,145841.9,59656.43,8249.447,3541.898,49273.58,429951.6,561195.2,173860.3,73349.59,5811.252,11309.18,267723.7,27193.85,12724.86,138683.5,95096.72,13093.18,271109.9,127026.8,28512.36,13096.39,4205299,18120885,110780
2016Q1,3506.991,12028241,107038.2,349759.5,108752,132195.2,13908.42,8394.626,4867.192,14263.04,6273.289,531161.6,3811.232,446839.9,162587.4,63156.35,2235284,8614.387,88378.83,11087.53,6458.252,59352.84,997624.8,90198.64,2730478,1062992,21211.19,75516.59,6219014,382436.9,6098.717,65784.68,731201.5,696730.8,4068.741,16023.96,62191.07,12007.73,13003277,66081.11,4696.647,15645.25,39032.9,244046.3,560453.1,78565.88,3734.949,71880.81,542201.8,7610.779,1490304,41654.86,15030.31,354412.3,35290.59,1230259,NA,18239.71,11748.09,16521.67,7339.081,31095.79,308456,5243978,2722.643,3168.741,2868.321,350074.4,81961.53,111993.5,2860.41,233081.2,122795.5,41336.1,46667.37,70469.84,145550.2,59863.95,8229.077,3801.879,50520.35,430675.9,578692.8,175280,73978.97,5808.261,11451.94,266517.9,27245.66,12829.62,138800.4,95848.33,13084.15,272089.8,128887.7,28678.65,13227.07,4229606,18247255,111044.5
2016Q2,3526.159,12065438,105219.6,352005.5,108799.5,132976.1,14013.75,8389.517,4905.474,14344.62,6309.638,532730.3,3805.473,444614,163760.5,62807.38,2272448,9291.497,88417.26,11046.73,6499.02,59524.14,1000858,91182.77,2774434,1070728,21279,76538.87,6286696,383727.6,6085.21,65783.45,729403.7,700661.7,4215.734,15925.81,62162.44,12261.09,13043609,67052.56,4737.548,15602.77,39503.66,247263.2,573004.6,79148.87,3998.491,73975.75,543688.3,7647.123,1487974,41577.18,15292.27,358856.3,34901.06,1232458,NA,18129.05,11890.81,16731.15,7362.906,31141.13,309604.8,5308525,2780.524,3185.775,2895.648,351149.9,83056.65,111326.9,2964.662,234882.6,122756.4,41829.1,46921.88,72013.38,147733.5,60154.9,8608.189,3837.542,50483.78,431211,591133.6,175563.4,74832.8,5985.554,11549.19,266793.4,27273.23,13001.86,139517.5,96756.56,13131.35,275983.1,130450.3,28900.16,13564.08,4243228,18352134,111151.4
2016Q3,3534.517,12130588,105507.5,351986.9,109438.7,133217.9,14080.33,8560.786,4955.704,14107.21,6391.301,530044.4,3840.668,449228.2,164973.9,63233.74,2310238,9437.565,88781.34,11238.48,6585.376,60082.06,1003891,91926.55,2817465,1065765,21366.31,77347.54,6344181,386751.8,6150.22,66494.75,730289.6,703631.9,4153.409,16353.25,62345.65,12305.48,13110577,67813.04,4776.149,15674.53,39711.37,250103.5,588543.8,79777.91,4068.05,74726.17,547547.8,7714.69,1491148,42332.63,15522.31,360253.9,34957.34,1234195,NA,18135.06,12063.55,16853.65,7366.294,31762.57,312356.1,5364192,2823.528,3247.686,2946.634,352499.1,83985.14,111285,2976.245,236980.5,122379.6,42146.09,47341.53,72611.32,148619.9,60822.61,8629.408,3815.712,50649.86,431687.3,606678.8,175191.8,75573.82,5950.519,11624.27,267576.6,27377.81,13130.9,140048.1,97580.97,13148.73,268069.2,131270.9,29416.19,13296.71,4273323,18474769,111137.8
2016Q4,3572.274,12202127,106249,356046.8,109910.3,133708.4,14214.79,8436.719,5015.86,14158.84,6411.909,529565.2,3936.199,451748.4,165214.8,63260.47,2350732,9392.327,89209.34,11355.86,6737.842,60631.82,1007933,92412.85,2863607,1088236,22063.86,77947.69,6425754,388964.8,6224.559,66798.19,734070.8,707979.6,4277.389,16582.43,62676.29,12473.58,13190643,68575.06,4886.594,15869.03,40071.58,252971.5,592472.7,87433.23,4214.439,75684.42,549620.8,7758.354,1493169,43025.09,15683.74,363037.2,34462.19,1239904,NA,18433.7,12229.66,16937.67,7454.181,31993.95,315852.1,5437239,2839.149,3287.563,3067.772,355231.1,85134.62,111042.7,2993.617,238891.2,124018.7,42269.88,47397.48,73467.06,151443.6,61462.93,8656.58,3746.056,50795.68,434689.4,610906.4,177580.5,76923.48,5967.249,11630.42,267869.6,27599.61,13236.35,140228.3,98233.75,13305.72,282838.6,131919.9,29663.75,13560.84,4297007,18627881,111232.2
2017Q1,3654.553,12286691,107211.5,357148,111073.6,134530.9,14299.47,8897.417,5028.065,14282.85,6481.038,534643.8,3929.66,457432.3,165238.2,62765.17,2393276,8821.317,89188.18,11416.15,6865.793,61605.2,1019997,93306.8,2913908,1098417,22839.47,78980.14,6498940,391693.8,6348.263,67440.69,739109,713921.1,4371.292,16986.32,62820.85,12579.59,13279104,68980,4902.81,15990.47,40553.2,256350.4,594654.4,86807.32,4031.885,75967.87,552079.5,7812.574,1504578,43105.23,15804.6,367100.6,33310.23,1249176,NA,19253.41,12398.67,16720.64,7525.867,32619.36,317610.8,5506527,2838.686,3582.692,3048.205,355161.3,86544.5,111070.4,3066.631,240296,125424.1,42824.42,47813.67,75171.76,153261,62058.11,8862.359,3728.611,53188.95,435922.1,613907.8,176426.3,77403.64,6005.906,11697.62,268369.7,27788.83,13523,141415.8,99517.21,13386.73,286711,133731.7,29503.42,13789,4317930,18785631,111757.4
2017Q2,3669.297,12365851,108262.8,359328.6,111478.9,134832.9,14397.12,8894.59,5074.215,14667.61,6576.753,538902.1,3961.266,462247.1,165731,63586.92,2432623,9698.634,89769.49,11660.85,6873.643,63105.39,1028888,94432.37,2961549,1112353,22966.36,80383.87,6587186,395786.6,6456.711,68327.66,745724.8,718428.6,4362.729,17369.59,63144.33,12579.26,13365474,69609.04,4982.757,16142.09,41050,259775.7,607799.1,87141.21,4179.675,76810.28,554222.3,7857.311,1510964,43771.11,15789.93,369809.1,33483.97,1257179,NA,19059.08,12484.36,16939.32,7564.199,33070,318088.9,5587562,2799.325,3603.569,3080.233,357641.5,87833.42,112419.8,3086.416,241520.6,126632.5,43346.05,48174.55,77220.77,154793.6,62288.97,8821.387,3826.044,54766.84,438240.6,626858.2,176750.8,77664.5,6060.907,11787.88,271606,28101.98,13686.97,142021,101016,13374.99,293249.2,134273.4,29723.16,13659.45,4342059,18953037,112366.8
2017Q3,3650.31,12460810,109707.6,362675.9,112123.1,134751.9,14494.36,8881.403,5136.103,14537.81,6672.389,540677.3,4097.699,462392.2,166614.5,64761.85,2465906,9799.647,90256.22,11659.21,6971.431,63611.62,1036057,94221.37,3001477,1124864,22516.68,81314.6,6660262,398294.8,6482.559,68651.98,751279,722974.5,4432.258,17669.44,63716.86,12685.23,13470149,70192.33,5069.212,16334.02,41429.97,262971.5,620682.7,91901.44,4161.883,78104.72,555167.6,7894.835,1523562,44123.35,16051.99,374911.5,33154.93,1260623,NA,19202.58,12576.68,17123.07,7638.638,33238.04,316145.6,5650923,2830.19,3668.051,3171.16,360436.7,89137.28,112784.2,3078.996,243359.2,127500.2,43786.82,48781.12,78189.52,157115.5,62732.8,9005.235,3963.398,55548.37,441885.6,639885.3,178531.5,79530.45,6070.251,11908.51,272976.4,28206.35,13806.62,142929.7,102101.8,13457.98,297693.5,136458.9,30078.04,13536.1,4376338,19121072,112573.5
2017Q4,3704.611,12555463,110783.2,364194.6,112741,135827.8,14573.66,8781.629,5133.628,14780.19,6708.792,543862.7,4039.816,464738.2,168361,65393.64,2509992,9793.833,90396.15,11852.82,7081.063,64071.79,1045966,94938.12,3049073,1133988,22727.63,82006.3,6740966,400728.6,6575.945,69192.52,755915.1,728301.1,4415.213,17930.52,63237.37,12706.18,13568063,70971.72,5067.007,16332.25,42045.93,265622.6,632834.6,95133.55,4314.341,79124.62,558479.8,7931.531,1524743,44272.22,16243.64,374058.4,33039.27,1270123,NA,20036.81,12770.32,17150.57,7701.535,33438.71,320568.7,5728366,2822.276,3707.516,3154.47,361074.4,90045.4,112812.2,3109.19,244918.7,126773.8,44408.63,48194.61,78227.69,159315.1,63256.16,9054.422,3894.572,55537.17,441968.3,652871.5,178353.4,80342.99,6105.636,11942.43,273836.3,28509.71,14085.97,143945.2,102030.6,13628.92,303298.9,137198.3,30178.27,13592.4,4425665,19296429,113016.2
2018Q1,3801.96,12615482,110093.2,367961.3,113217.6,136388.9,14685.91,8825.53,5272.77,14976.87,6784.324,546375.3,4072.562,470140.9,169995.7,65963.51,2562575,9161.961,90996.9,11913.3,7287.106,64333.21,1040883,95709.76,3111169,1150751,23017.54,83211.67,6847169,402425.5,6617.73,69331.34,755289,728768.3,4566.762,18397.71,64197.79,12928.98,13642598,71989.78,5109.592,16279.1,42864.75,269334.7,645277.1,95427.66,4310.651,79956.91,557492.9,7968.016,1525596,44933.28,16593.28,379493.5,33456.93,1279646,NA,19748.71,12936.95,17172.76,7793.234,33635.67,324629.6,5820053,2872.216,3761.279,3241.108,365446.2,91280.5,113292.7,3138.478,246636.3,127395.1,44803.61,49487.61,80205.28,162501.4,63623.43,9303.049,3822.833,56591.57,447675.4,665025.8,180795.6,80908.69,6148.73,12267.15,275132.3,28865.01,14130.68,144328.7,104531.9,13729.93,307141.7,138396.8,30598.84,13755.65,4461636,19462651,113614.1
2018Q2,3825.352,12680652,105551.6,370683.3,114180.7,137079.6,14762.34,9053.486,5350.144,15020.7,6951.097,546244.4,4208.919,473808.2,171972.9,66855.62,2603688,10099.05,91997.57,12027.79,7328.838,64531.78,1048461,95676.3,3161313,1159697,23030.66,84966.33,6921093,405043.5,6683.129,69202.35,756906.2,729957.3,4668.649,18542.48,64313.72,13138.43,13716902,71909.39,5174.097,16774.21,43248.71,273746.3,654103.1,96401.06,4416.604,80373.78,558643.9,8036.068,1532371,45684.33,16739.88,382471.7,34153.2,1277769,NA,20207,13127.8,17064.66,7901.663,34002.71,323531.8,5884843,2887.413,3879.804,3330.84,370635.4,92546.04,114447.2,2934.858,247758.6,127778.2,45318.08,51015.91,82182.76,164938.9,64295.64,9425.082,3822.163,57779.6,448999.2,674310.1,182815.1,81431.92,6246.235,12443.36,277369.1,29349.51,14335.77,145373.5,105818.8,13786.26,308949.7,138526.6,31138.37,13643.62,4485320,19601746,113331.6
2018Q3,3817.854,12714120,105255.8,372062.8,114767.4,137675.4,14843.87,9046.331,5385.328,15076.82,6962.581,551197.6,4193.171,476198.2,171360.8,66527.76,2625373,10485.66,92899.35,11974.97,7366.3,64962.54,1040883,96190.29,3187403,1163996,23041.53,85597,6971192,407329.6,6730.648,69138.47,760632.9,732212.8,4693.449,18842.82,64489.78,13123.01,13759032,72026.35,5222.889,16849.65,43905.4,276977.2,662699.1,97306.43,4343.824,81069.53,558621.8,8051.082,1523614,45931.99,16956.43,384461,34708.12,1283096,NA,20013.12,13147.26,17219.61,7953.23,34302.21,324871.2,5926279,2916.858,3981.217,3369.227,373684.6,93178.54,115096.8,2948.492,248407.5,128583.3,45298.76,50156.06,82880.24,167083.1,64729.87,9102.38,3948.107,59152.81,451886.4,682712.2,184191.7,82093.25,6245.545,12448.25,280300.2,29532.18,14501.67,145216.9,105625.2,13840.1,305980.5,139796.1,30873.04,13567.06,4513366,19685312,114725.4
2018Q4,3823.154,12749509,103653.6,372926.7,115888.2,138941,14894.59,9253.153,5430.751,15058.82,6863.44,550052.9,4229.356,477319.9,171656.3,67505.7,2669833,9890.667,92937.78,11888.57,7552.785,65674.28,1047454,96333.04,3234335,1157620,22911.25,86314.12,7019527,409690.2,6800.128,69204.81,766646.1,733207.3,4703.2,19042.07,64890.55,13082.4,13800083,71791.94,5285.045,16748.69,44381.36,278730.4,672355.4,98518.47,4432.603,81828.37,560284.7,8050.049,1520506,45916.69,17201.03,386646.6,34322.83,1280182,NA,19434.74,13402.38,17325.59,8020.257,34483.45,324283.6,5968953,2934.399,3979.617,3452.047,375278,93678.94,114914.8,2906.509,249159.9,128626.6,46057.24,49886.95,82947.97,168754,65062.78,9054.596,4009.645,58924.78,453921.9,691790.1,184939,81645.04,6193.258,12378.1,280321.7,29416.04,14600.9,146901.9,105692.7,13905.76,295426.9,140680.7,31071.02,13676.53,4519688,19769036,115043.7
2019Q1,3882.964,12820539,103883.9,375615.3,116796.3,139511.4,15453.24,9155.757,5417.609,15158.28,6962.742,551630.8,4244.781,478468.7,171777.5,66989.29,2731355,9640.861,93938.03,12091.81,7695.059,66532.79,1053311,96715.81,3305025,1171008,22898.84,87768.71,7114284,412198.5,6930.926,69801.86,773087.4,738557.9,4814.939,19321.79,65627.68,13424.17,13876473,72307.77,5305.177,17017.01,45317.45,282779.8,678807.3,99752.48,4449.626,83326.31,561492,8094.665,1523867,46676.16,17376.43,386870.7,34723.96,1284291,NA,19464.55,13563.52,17403.6,8013.269,34543.79,324306.1,6058349,2968.764,3989.698,3487.071,375649.5,95089.08,115415,2848.206,252171.9,128056.5,46486.56,50852.86,85005.11,171285.3,65632.12,9028.578,4000.799,58923.71,456881.9,698271.9,183381.6,82056.77,6308.456,12607.81,280037.9,29942.49,14820.48,147799.1,107309.4,13980.24,300045.5,140980.3,31574.82,13821.96,4547912,19934822,114039
2019Q2,3894.552,12900073,104573.5,376732.6,116436.1,140338.6,15414.09,9294.438,5514.116,15179.28,7206.343,554914,4351.61,483706.8,172897.1,67919.38,2762580,10659.16,95011.69,12251.76,7778.798,66863.4,1054013,97594.94,3347001,1185469,23137.85,90367.64,7200458,413414.7,6933.938,70289.57,777676.5,740860.3,4884.332,19730.1,66238.86,13659.64,13964956,71889.6,5267.843,17335.23,45458.29,287839.1,689172.9,101237.7,4472.27,83098.25,563042.1,8168.269,1531551,47782.6,17734.39,392013.5,34655.44,1291755,NA,20096.94,13769.79,17717.05,7988.173,35289.98,323491.4,6135575,3069.18,4068.849,3606.666,382391.7,97582.39,117540.8,2869.617,253298.8,129157.9,46662.58,52023.94,87081.41,172826.8,66041.22,9096.211,3940.201,60296.55,458432.7,709269.8,186642.3,82675.16,6388.89,12868.69,284570.7,30070.9,14788.33,149188.4,108311.4,14033.43,306861,142300.4,32987.3,13942.9,4585931,20100531,114554.6
2019Q3,3927.631,12974080,104495.7,378852.3,116696.2,141446.9,15286.89,9400.019,5593.641,15304.4,7165.16,554711.2,4332.648,485059.3,173640.6,68034.77,2777329,10410.44,95849.11,12274.34,7845.322,67354.85,1056848,97911.61,3367049,1193545,23077.08,90230.32,7233605,414189.4,6945.988,70323.97,777919,746113.6,4930.943,19987.25,65895.34,13645.84,14044959,69485.51,5355.516,17367.79,46090.3,291682.7,693417,102539.8,4396.614,84125.37,560958.1,8196.178,1533041,48202.02,17868.2,392856,34848.41,1292236,NA,20231.32,13800.53,17768.5,8026.187,35329.68,323402.4,6162725,3058.74,4082.988,3566.196,381875,98002.06,117978.5,2902.26,254504.7,129891.7,46991.73,51789.04,88048.09,174209.4,66294.84,9299.24,3941.479,60523.88,462796.4,713648.3,185865.8,82788.11,6410.499,13148.18,285252,29967.31,14936.14,149116.8,108421,14063.19,308489.4,144566.2,31983.19,13823.46,4639531,20207685,114675
2019Q4,3785.552,12976164,103106.4,381140,116291,142225.5,15320.75,9067.138,5537.095,15345.28,6864.284,559266.3,4291.291,486444.2,174581.7,65357.05,2819026,10457.32,95786.48,12316.29,7951.511,67854.62,1056438,98256.96,3405099,1198252,23039.39,90820.29,7271906,416550,6992.923,70198.66,773868.1,746116,4991.789,20281.21,65838.09,13649.22,14045439,69222.82,5395.287,17031.13,46384.79,291665.9,693963.4,104778.6,4510.945,84837.01,558872.9,8206.562,1489316,47991.09,17952.84,396805,35494.85,1288578,NA,19446.89,13987.55,17905.04,7978.538,35204.46,321086.7,6202630,2975.966,4100.124,3499.751,381970.9,96369.57,116979.9,2955.796,254773.4,130968.4,47290.11,50523.3,87897.9,175428.9,66819.5,9315.89,3942.45,61824.19,461646.3,713410.3,185172.4,82888,6335.921,13237.15,284596.1,29872.4,14987.21,150659.5,106640.1,14062.77,312607.6,146583.6,31175.03,13579.3,4671228,20248069,114633.5
2020Q1,3712.228,12742450,98273.56,380589.7,113727.9,138528,15339.66,9039.767,5512.492,15178.55,6921.428,546922.8,4271.518,476958.9,171959,66598.12,2546191,9662.481,94354.79,12305.79,7924.654,65501.4,1033187,97440.64,3124944,1196540,22958.93,92071.44,6963720,394975.4,6900.607,70022.99,734403.6,726287,4908.669,20605.1,64552.76,13544.53,13807614,65870.05,5195.206,16754.19,46271.61,290917.8,694624.6,108526.7,4276.702,83382.66,526365.8,8174.188,1497395,47917.36,18147.35,391700.4,35657.13,1265699,NA,18993.63,13926.69,17694.27,7946.559,34254.83,317379.2,5898556,2972.628,4251.704,3184.158,378343.8,95214.11,117301.6,2925.026,251876.5,129719,46716.25,49169.24,84419.5,176481.5,64045.22,9398.089,3892.08,60115.48,460358.9,713618.2,181808.7,82780.2,6258.981,13319.49,284575.4,29585.31,14482.35,150985.5,105016.9,13445.67,313162.1,145066.3,31289.09,13493.71,4606142,19706170,114587.4
2020Q2,3531.614,11554559,84613.57,354968,100187.3,123421.3,14471.43,8285.615,5111.944,14763.1,5483.866,498636.3,3191.825,424493.7,160774.7,58161.13,2853349,10296.53,79056.63,11321.14,6976.527,59779.28,941259.5,91663.62,3378668,1092916,18589.7,89558.97,6729332,324720.4,6496.65,65481.24,644040.7,578620.1,4219.958,20328.32,55671.38,12407.84,12534983,64985.95,4318.357,14635.18,39558.37,272586.2,532075.3,101341.3,3958.564,76547.54,461476.7,7927.794,1383758,45092.14,17021.23,380967.2,31577.03,1095104,NA,16887.23,13178.2,16598.97,7133.553,30043.37,257309.6,5748908,2596.765,3701.384,3380.977,356351.9,81202.37,111203.7,2674.785,230883.3,122990.9,42226.23,37046.18,72904.13,160598.2,54411.39,8448.215,3164.148,55124.01,426390.6,548962.6,174354.5,72948.09,5133.428,11971.08,257329.5,27451.36,13178.24,138661.7,95245.45,11440.42,279611.4,143077.7,29875.69,11903.05,4241893,18283891,95287.9
2020Q3,3846.474,12554815,93659.09,367289.8,111691.5,137595.6,14925.81,8771.442,5351.013,15311.79,6429.121,537921.4,4127.926,463052.6,171831.5,61113.23,2911289,10109.41,87215.33,11443.56,7457.063,64188.39,1023184,97193.7,3472888,1192041,20559.32,90515.13,7193408,376351.8,6787.009,68708.5,744655.8,675758.3,4618.049,20161.47,59070.78,13441,13592926,66677.24,4922.932,15463.54,44200.55,282392.9,654616.2,113429.3,4133.457,83442.39,527966.2,8065.688,1457736,46055.18,17310.1,389382.2,32266.09,1211590,NA,20055.06,13998.72,17989.07,7934.806,32681.49,297126.9,6155297,2942.555,3813.991,3446.947,367401.2,96006.17,114710.9,2870.173,246073.5,127432.8,48068.62,47020.13,77990.94,171197.6,62230.07,9163.416,3516.551,57220.86,457031.8,674671.2,178536.4,79509.29,5858.125,12990.09,274815.8,29883.16,14679.29,145435.2,101762.3,13048.43,325501,150720.5,30848.13,12846.78,4574000,19748223,108396.1
2020Q4,3895.755,12694727,98321.3,379943.2,110160.4,136967.4,14852.81,8652.467,5438.293,15321.71,6885.131,557832.1,4118.067,471750.5,172466.1,65337.35,2994823,10392.46,92610.42,11750.39,7905.647,64844.11,1034803,97230.63,3559066,1205542,21525.56,92290.14,7406367,379080.8,6913.337,69413.65,743873.8,684994.3,4685.079,20385.25,60598,13992.24,13746990,66856.94,4975.621,16408.26,44964.75,284815.2,705338.9,110332.2,4223.286,85760.82,527641.7,8152.896,1483206,46755.83,18241.8,395511.7,33462.68,1264231,NA,19365.41,14048.51,17889.47,7978.961,33312.29,310003,6354104,2993.774,3944.704,3484.962,372124.9,93499.82,116178.7,2898.004,247106.2,128428.8,48276.13,49643.25,80261.07,171368.8,62376.08,9392.021,3463.733,60231.81,460874.4,724704.3,179644.9,82360.92,6191.827,13123.72,280699.4,29829.42,14339.09,148455.1,102181.5,13145.8,330269.6,155213,30765.68,12872.94,4623594,20101094,111383.1
2021Q1,4017.509,12821666,101322.4,388346.4,108609.4,139129.6,15661.03,8861.424,5626.82,15401.88,6820.094,563310.7,4311.952,479787.2,173228.2,67681.58,3017991,10094.69,95704,12242.45,8188.818,64696.45,1023289,98079.75,3588647,1223025,21770.86,94711.07,7491663,383653.1,7122.652,68894,746661.4,677875.8,4637.562,20594.8,63141.47,14161.33,13888768,71256.61,5333.924,17369.09,45476.37,288668.1,713925.6,121284.5,4167.985,86122.78,536192.1,8293.749,1487918,47135.3,18545,401613.8,32699.87,1283777,NA,19706.72,14344.09,18528.16,7959.584,35038.45,312255.8,6424560,3004.618,4324.178,3603.844,379469.5,94837.66,117516.5,3042.914,249230.8,130725.4,49124.76,51318.52,81180.89,175310.3,60617.93,9459.984,3660.377,60843.89,464740.8,733632.3,182909,86370.58,6434.816,13522.94,283111.5,30428.31,15005.01,152192.5,102365.7,13295.52,336987.4,158753.2,30658.26,12917.92,4687433,20313328,112048.6
2021Q2,4081.226,13049578,101996.5,391543.5,113611.6,141271,15855.98,8923.615,5658.473,15685.78,6791.359,559819.3,4405.707,479224.9,177500.2,68403.43,3094677,10705.67,93839.56,12492.78,8280.27,65602.04,1049351,102083.2,3668866,1246028,22823.18,97081.13,7545271,388890.3,7306.022,69992.27,756278.8,727048.4,5266.743,20801.89,64013.15,14343.75,14133308,69793.37,5397.192,17495.89,46509.24,291538.1,655580.1,125123.7,4306.426,89169.23,549024.5,8317.336,1497284,48070.23,18809.84,407010.9,33771.29,1286109,NA,19321.13,14530.39,18651.02,8034.446,34386.3,315287.9,6461540,2990.116,4348.917,3428.548,383129.7,94522.9,117857.4,3144.038,258995.9,128968.3,49887.53,52256.46,81976.31,179868.4,63392.09,9652.81,3748.549,61397.58,472110.8,674901.2,183622.1,86118.72,6592.807,13736.59,286237.4,30947.29,15190.36,153265,102722.4,13279.31,342758.5,154975.9,32038.17,13268.23,4761067,20594849,113656.9
2021Q3,4078.033,13184283,104131.7,384757.3,117694.4,144026.7,16144.3,9160.056,5743.726,15496.19,6797.991,560477.4,4492.518,488878.9,181645,71221.85,3068255,10522.18,98942.25,12883.05,8495.678,66738.99,1049750,104338.9,3641979,1267814,23295.75,98942.6,7625250,396561.3,7264.334,70810.45,777610.9,739186,5213.044,21087.51,65866.71,14530.89,14286744,70257.66,5521.396,17903.59,47087.96,293276.4,720404.6,128000.9,4492.181,90961.94,566307.8,8404.549,1490294,48974.92,19009.51,407148.5,34517.03,1295404,NA,19739.67,14776.81,18721.95,8608.57,35565.02,312337.1,6522789,3010.748,4533.014,3391.98,393289.8,91781.44,119785.9,3160.759,263918.6,135022.7,47783.12,52382.02,83616.34,183645.6,65670.04,9378.918,3752.391,61628.44,475702.6,740144.2,189617.4,87141.97,6607.419,14063.85,286619.8,31043.91,15561.76,153997.9,101657.5,13330.74,355259.6,156843.1,31764.5,13735.87,4801667,20809533,111722.2
2021Q4,4137.363,13379839,106559.8,398452.9,117717,145363,16313.37,9301.539,5861.415,15514.53,6916.685,566984.6,4384.02,497631.8,182391.1,72927.26,3123508,10591.03,102905.2,12946.58,8744.83,67375,1056216,107339.3,3712971,1284399,23955.2,99700.41,7765123,404637.2,7346.155,71411.18,782188.9,750155.1,5173.08,21420.24,66815.68,14675.43,14499686,70147.36,5598.781,18236.61,48306.6,298869.2,742870,127362.5,4497.201,95209.87,571624.4,8470.001,1508103,49097.99,19730.69,413638,35031.55,1314301,NA,19841.83,14999.22,19292.08,8550.12,35927.38,315966.4,6645276,3033.274,4567.229,3379.521,400311.4,96912.1,120786.7,3199.685,264369.8,134404,49485.39,51633.64,86165.15,187318.5,66893.93,9422.658,3858.177,61726.66,480495,762711.8,194428.3,88738.34,6610.969,14135.26,290428.9,31020.53,15761.75,157512.4,104137.7,13594.08,360826.6,163429.4,32459.03,13997.69,4888211,21144962,113516.2
2022Q1,4240.737,13389596,108592.8,402376.8,118086,146385.7,16474.78,9474.162,5914.631,15366.46,7091.51,571823.6,4581.164,501875.8,182583.3,71855.05,3146740,10654.44,103388.1,13027.88,8949.633,67830.15,1058137,104585.1,3744325,1289916,23894.4,99888.59,7821252,410058.6,7384.734,71288.34,781007.3,755628.2,5361.266,21638.62,68189.75,14835.91,14522453,67976.42,5614.649,18779.38,48842.06,303017.3,743578.9,132026.4,4568.612,94512.92,574468.8,8504.147,1499050,49258.97,19613.63,415636.7,35753.72,1327374,NA,19445.75,15125.59,19211,8526.083,35270.07,320639.2,6688396,3059.752,4464.944,3471.225,403408.7,99320.06,121720.1,3199.287,266889.9,134091.6,49285.76,53277.35,87505.31,193312.7,68007.83,9381.539,3897.214,63427.93,482746.2,763024.7,196958.2,89898.72,6740.953,14161.18,293203.7,31020.48,15772.37,155585.5,104271.8,13662.52,361593.8,164674.5,26155.96,14011.53,4875657,21210849,114995.8
2022Q2,4201.388,13464727,110059.9,406322.4,121429.5,148292.2,16602.05,9651.56,5974.684,14446.21,7110.108,578489.4,4619.125,506581.2,184467.6,71594.73,3116902,11006.71,105230,13086.3,8997.425,67995.43,1057937,104512,3724311,1266629,24162.57,100737.9,7795492,417139.1,7260.641,71572.12,784662.2,758161.1,5511.917,21861.42,68302.83,15015.31,14579200,68808.41,5650.871,19142.56,49334.37,307041.5,742262.5,135315,4776.306,95869.5,583429.4,8574.834,1515656,49465.27,19768.68,418951.7,36127.79,1342386,NA,18364.39,14891.9,19054.16,8470.069,35211.41,324458.4,6681020,3096.36,4627.021,3553.218,408083.2,103061.5,122282.3,3274.936,273968.7,135856.9,49906.85,53749.46,88497.79,191186.3,68257.19,9357.961,3846.491,63497.3,461801.8,760626.9,200258.6,90205.88,6728.36,14303.16,293455.7,30964.21,15869.4,157104.1,105254.9,13674.51,366709.3,160928.8,20499.29,14417.81,4879040,21260219,113917.5
2022Q3,4336.982,13527935,109812.1,407857.2,121354.5,149426,16711.14,9569.249,5950.542,14663.67,7099.078,584209.5,4709.602,509647.3,184937.2,71290.8,3189764,10904.97,106211.7,13246.52,9096.59,68108.5,1064192,104876.5,3805668,1275629,24857.41,102858.8,7923513,420717.3,7228.671,71487.35,788298.6,759024.7,5751.015,22016.99,68959.81,15087.54,14651084,67150.71,5714.515,19279.35,48782.73,310589.5,760138.9,138746,4767.42,95988.7,586737.9,8622.391,1509284,49971.12,19950.82,420583.6,36430.34,1351625,NA,17625.16,15063.08,19120.84,8418.819,36301.73,326813.5,6800364,3074.239,4668.32,3630.125,416143.3,105138.9,122965.1,3264.898,273933.8,139255.9,50907.89,53433.72,90373.71,192142.2,68948.12,9647.654,3928.656,63814.96,465579.9,777764.1,204656.7,90817.75,6765.139,14200.31,296683.7,31047.82,15854.22,157459.3,106171.6,13775.49,368696.9,162793.8,21953.08,14170.61,4911895,21451448,116136.2
2022Q4,4327.421,13571818,107363.6,411160.2,121312,149807.8,16818.33,9722.393,6018.746,14774.21,7024.748,586585.7,4645.126,508917,185126,71361.15,3216299,10954.2,105089.2,13515.71,9149.34,68016.11,1058746,104210.4,3835648,1285258,24612.28,103540.3,7979444,423114.4,7151.902,70839.93,789018.7,761507.2,5908.955,22237.83,69579.57,15205.27,14698503,67151.86,5776.68,18969.11,48431.53,313932.9,773327.5,139176.2,4921.873,97804.29,585420.4,8671.993,1514834,50804.68,20455.22,418682.4,35737.57,1353433,NA,17332.56,15031.72,18862.03,8477.587,36285.9,330421.6,6852760,3079.899,4775.315,3744.027,417061.6,104194.7,124576.7,3281.758,273625.6,137116.1,50584.47,52955.66,91972.65,189260.1,69284.7,9598.264,3960.839,64595.03,471536.4,790660.1,205325.3,90830.53,6744.565,14282.26,297383.1,31033.51,15925.3,156452.1,105504.2,13817.34,372932,162618,22488.92,13896.98,4952585,21551262,114514.1
2023Q1,4350.379,13636972,108998.5,413153.6,120468.9,150055.3,16873.19,9677.72,6042.861,15070.52,7233.663,594661.7,4817.333,513836.4,185620.7,71859.27,3276298,11018.33,105918.9,13613.26,9200.989,68021.39,1060280,106105.3,3902779,1293794,24993.57,103820.1,8086086,425954.5,7064.93,70879.25,789441.9,762189.4,5867.252,22420.39,69560.96,15428.95,14768258,69913.23,5772.291,19234.4,48134.39,318205,788688.1,131684.2,4993.082,98821.3,587424.9,8756.613,1533387,51693.18,20665.41,420522.8,35449.39,1368759,NA,17347.42,14937.75,18952.78,8553.826,36661.21,332895.4,6954800,3102.067,4803.679,3721.375,415780,104641,124780,3317.721,273208.1,137143.2,50277.5,53109.52,92979.26,190963.4,70233.52,9809.458,4042.912,64401.2,476052.8,806035.5,203584.5,90369.67,6856.976,14495.66,298937.4,31033.55,16054.48,157304.6,106934.4,13787.61,373308.6,159421,23438.91,14290.32,4986864,21723058,115236
2023Q2,4390.343,13687482,105877.3,414531.9,120083.6,150249.7,16939.81,9831.531,6084.597,15318.02,7238.576,599421.4,4761.069,514898.6,185314.5,71413.22,3318855,11428.38,105448.6,13851.28,9237.487,68114.56,1058664,106164.8,3950802,1317801,25369.54,103876,8180438,426986.5,7050.451,71136,794799.3,762203.8,5984.08,22549.45,70376.82,15616.52,14823940,69890.94,5838.459,19792.45,48184.99,322550.9,805013.1,130083.8,5063.241,99484.29,586283.7,8805.399,1541247,52285.48,20919.83,422841.8,34840.04,1373506,NA,17795.4,15139.88,18944.99,8550.649,36074.31,335873.7,7043980,3113.469,4900.847,3775.129,414134.7,105850,125694.7,3381.457,272647.6,136070.6,50902.17,53210.73,92660.61,189626.7,70262.08,9889.734,3919.924,65237.57,483230.9,822808.5,203078.4,90767.73,7000.977,14714.08,301384.5,31417.13,16246.87,156492.3,107110.8,13709.11,388233.2,163504,24457.91,14074.88,5017137,21867920,116031
2023Q3,4524.345,13731660,108225.3,416520.7,119131.7,150309.9,17009.11,9929.677,6105.826,15567.72,7297.082,600599.3,4730.317,514186.6,185581.1,71770.62,3347585,11188.93,105505.6,13987.37,9304.561,67858.94,1060690,107127.8,3989362,1330099,25032.62,105366.2,8252951,429790,7020.035,70078.27,795197.7,761401.5,6137.354,22666.25,70481.3,15687.13,14874514,70018.9,5953.39,19666.83,48833.44,326198.9,821596.6,127186.6,4943.499,99456.36,587536.3,8852.989,1525285,52085.56,21189.21,426027.2,34299.45,1379838,NA,17954.26,15184.17,18741.42,8611.641,37398.29,338147.7,7110098,3110.589,5012.753,3933.046,411859.4,108414.5,126915.2,3459.067,271462.5,135020.4,50574.45,53032.57,95569.82,193039.9,70176.16,10001.79,4032.091,65874.48,489693.1,839550.8,198267.1,91703.18,7001.522,14890.36,302242.7,31587.77,16249.49,156636.7,107660.9,13713.63,389162.5,165072.8,24064.26,14136.82,5070826,21984611,115552.8
2023Q4,4509.112,13785070,105706.1,417226.2,118445,150729.8,17109.45,10123.71,6118.12,15508.03,7396.967,601502.6,4750.454,515087.8,186081.6,71911.33,3388254,11359.89,105609.2,14138.48,9395.049,68048.78,1056743,109220.8,4033984,1340311,24427.88,105890,8324362,432960.5,6985.052,69771.14,798753.7,758842.1,6337.263,22892.98,71050.97,15536.22,14930986,70146.58,6007.859,20002.9,48706.6,329838.2,838713,125467,4993.186,93819.58,587320.8,8877.901,1527810,53593.57,21456.79,427965.7,34215.67,1378487,NA,18095.15,15159.75,18762.43,8572.992,37804.43,338387.9,7178446,3110.649,5060.884,4003.239,410101.4,107384.4,128256.7,3455.066,272032.4,138691.9,50743.32,53081.83,97129.91,193039.9,70760.78,10074.48,2814.421,65960.93,494013.3,856808.1,196634.2,92781.53,7050.474,15016.96,304670.6,31693.44,16378.81,156352.7,107373.8,13741.02,393704.4,170319.2,23582.97,14200.86,5110892,22109432,115953.8
2024Q1,4518.646,13831003,103419.5,417881.7,118646.4,151205.3,17205.58,10009.29,6189.601,15718.69,7320.129,607843.9,4556.397,517697.1,186726.8,73378.94,3440140,11368.97,106901.4,14253.11,9554.264,68298.6,1059167,108434.5,4094329,1352924,25287.56,106129.1,8421858,436980.2,6967.561,70053.7,800420.3,764123.1,6387.579,23174.18,71123.97,15915.31,14987986,71889.22,5969.181,20057.05,48920.7,334441.9,849908.9,126214.3,4977.376,97495.07,589222.4,8934.387,1519310,53643.94,21681.74,433529.7,34139.95,1387857,NA,18273.22,15319.13,18816.36,8568.544,37586.12,338600,7264875,3139.562,5203.918,4010.99,413390,108950,128408.1,3484.16,271323,138969.6,50913.61,53846.24,98133.66,194198.2,71193,10228.66,2636.999,65687.33,498947.2,868182.1,200126,93101.48,7038.643,15177.62,305176.6,32060.78,16352.45,157275.1,108652,13828.16,398319.5,170381.5,24869.94,14369.82,5131549,22252861,115987.2
2024Q2,4572.078,13898156,101610.6,418638.5,118374.9,151622.9,17313.23,9951.865,6216.661,16165.01,7502.177,616261,4732.097,520532.3,187911,72944.14,3477853,NA,107425.7,14417.95,9563.767,68447.26,1056134,109890.4,4140878,1358542,24818.07,106520.7,8497830,440558.3,6973.488,70101.61,801896.4,767573.6,6559.894,23538.31,71992.78,16185.35,15062090,72097.09,6068.322,20435,48806.49,338714.5,859254.4,125896.1,5049.7,97563.47,590187.3,9012.689,1527500,53691.96,21903.21,432542.8,34301.57,1397623,NA,18598.68,15358.77,18923.4,8546.943,36922.1,339823.4,7333901,3178.934,5287.491,3942.115,415393.5,112100.5,129508.1,3523.859,274258.2,141805.6,50936.51,54960.98,98778.04,196528.6,71366.5,10369.33,2642.666,65750.2,501565.4,877853.1,202189.3,93572.36,7128.994,15321.59,307524.4,32024.91,16362.39,157221.1,109489.9,13852.66,397465.1,171530.5,25407.2,14583.26,5169479,22395956,116386.3
2024Q3,NA,13963070,NA,420035.4,118233.6,152110,17420.68,NA,NA,NA,NA,621887.1,NA,521863.5,188683.6,73426.78,3502204,NA,107641.2,14511.27,9659.626,68733.2,1057246,111261,4174052,1360832,NA,NA,8558293,444209.6,6975.432,70315.37,804997.1,768663,NA,23937.29,72194.6,NA,15132332,71329.86,NA,20461.39,48483.48,342379.3,865722,130319.3,4993.48,98469.94,590167.7,NA,1532212,NA,NA,432973.6,NA,1409499,NA,NA,15551.82,18958.92,8528.307,38445.42,343480.2,7389083,NA,5257.964,4057.054,420864.1,114160.8,130915.3,NA,276521.3,139217.1,NA,55132.37,100433.6,196332,71482.17,NA,NA,65699.96,504895.7,884460.6,203892.6,96608.86,NA,15358.55,309125.1,31958.33,16416.49,157652.9,110817.9,13957.39,396654.4,171916.7,NA,NA,5205717,22520562,115982.5
2024Q4,NA,NA,NA,NA,NA,NA,NA,NA,NA,NA,NA,NA,NA,NA,NA,NA,NA,NA,NA,NA,NA,NA,NA,NA,NA,NA,NA,NA,NA,NA,NA,NA,NA,NA,NA,NA,NA,NA,NA,NA,NA,NA,NA,NA,NA,NA,NA,NA,NA,NA,NA,NA,NA,NA,NA,NA,NA,NA,NA,NA,NA,NA,NA,NA,NA,NA,NA,NA,NA,NA,NA,NA,NA,NA,NA,NA,NA,NA,NA,NA,NA,NA,NA,NA,NA,NA,NA,NA,NA,NA,NA,NA,NA,NA,NA,NA,NA,NA,NA,NA
